{
"type": "FeatureCollection",
"name": "200069177_PRESCRIPTION_PCT_20260129",
"crs": { "type": "name", "properties": { "name": "urn:ogc:def:crs:OGC:1.3:CRS84" } },
"features": [
{ "type": "Feature", "properties": { "LIBELLE": "Patrimoine civil", "TYPEPSC": "07", "STYPEPSC": "01" }, "geometry": { "type": "MultiPoint", "coordinates": [ [ 3.066517907348349, 45.642394743090549 ] ] } },
{ "type": "Feature", "properties": { "LIBELLE": "Patrimoine religieux", "TYPEPSC": "07", "STYPEPSC": "01" }, "geometry": { "type": "MultiPoint", "coordinates": [ [ 3.096981932734861, 45.692264114225118 ] ] } },
{ "type": "Feature", "properties": { "LIBELLE": "Patrimoine hydraulique", "TYPEPSC": "07", "STYPEPSC": "01" }, "geometry": { "type": "MultiPoint", "coordinates": [ [ 3.099747284234564, 45.693557544498695 ] ] } },
{ "type": "Feature", "properties": { "LIBELLE": "Patrimoine religieux", "TYPEPSC": "07", "STYPEPSC": "01" }, "geometry": { "type": "MultiPoint", "coordinates": [ [ 3.109137586968279, 45.702559353199327 ] ] } },
{ "type": "Feature", "properties": { "LIBELLE": "Patrimoine religieux", "TYPEPSC": "07", "STYPEPSC": "01" }, "geometry": { "type": "MultiPoint", "coordinates": [ [ 3.109143492089102, 45.702546124227759 ] ] } },
{ "type": "Feature", "properties": { "LIBELLE": "Patrimoine hydraulique", "TYPEPSC": "07", "STYPEPSC": "01" }, "geometry": { "type": "MultiPoint", "coordinates": [ [ 3.112396392521984, 45.702453076104085 ] ] } },
{ "type": "Feature", "properties": { "LIBELLE": "Patrimoine hydraulique", "TYPEPSC": "07", "STYPEPSC": "01" }, "geometry": { "type": "MultiPoint", "coordinates": [ [ 3.184896336098467, 45.63135700394858 ] ] } },
{ "type": "Feature", "properties": { "LIBELLE": "Patrimoine religieux", "TYPEPSC": "07", "STYPEPSC": "01" }, "geometry": { "type": "MultiPoint", "coordinates": [ [ 3.186680258739881, 45.633546214040479 ] ] } },
{ "type": "Feature", "properties": { "LIBELLE": "Patrimoine civil", "TYPEPSC": "07", "STYPEPSC": "01" }, "geometry": { "type": "MultiPoint", "coordinates": [ [ 3.206385894772066, 45.641368738648822 ] ] } },
{ "type": "Feature", "properties": { "LIBELLE": "Patrimoine civil", "TYPEPSC": "07", "STYPEPSC": "01" }, "geometry": { "type": "MultiPoint", "coordinates": [ [ 3.256569954305885, 45.69292715936156 ] ] } },
{ "type": "Feature", "properties": { "LIBELLE": "Patrimoine civil", "TYPEPSC": "07", "STYPEPSC": "01" }, "geometry": { "type": "MultiPoint", "coordinates": [ [ 3.255050362163893, 45.692065066117806 ] ] } },
{ "type": "Feature", "properties": { "LIBELLE": "Patrimoine civil", "TYPEPSC": "07", "STYPEPSC": "01" }, "geometry": { "type": "MultiPoint", "coordinates": [ [ 3.264772363348106, 45.69695890863435 ] ] } },
{ "type": "Feature", "properties": { "LIBELLE": "Patrimoine religieux", "TYPEPSC": "07", "STYPEPSC": "01" }, "geometry": { "type": "MultiPoint", "coordinates": [ [ 3.254227878844237, 45.692268187325539 ] ] } },
{ "type": "Feature", "properties": { "LIBELLE": "Patrimoine civil", "TYPEPSC": "07", "STYPEPSC": "01" }, "geometry": { "type": "MultiPoint", "coordinates": [ [ 3.05428975737142, 45.706558618033498 ] ] } },
{ "type": "Feature", "properties": { "LIBELLE": "Patrimoine religieux", "TYPEPSC": "07", "STYPEPSC": "01" }, "geometry": { "type": "MultiPoint", "coordinates": [ [ 3.105631080292173, 45.696042780655887 ] ] } },
{ "type": "Feature", "properties": { "LIBELLE": "Patrimoine hydraulique", "TYPEPSC": "07", "STYPEPSC": "01" }, "geometry": { "type": "MultiPoint", "coordinates": [ [ 3.194636446878075, 45.666600511969747 ] ] } },
{ "type": "Feature", "properties": { "LIBELLE": "Patrimoine hydraulique", "TYPEPSC": "07", "STYPEPSC": "01" }, "geometry": { "type": "MultiPoint", "coordinates": [ [ 3.194546444276825, 45.665851248477871 ] ] } },
{ "type": "Feature", "properties": { "LIBELLE": "Patrimoine hydraulique", "TYPEPSC": "07", "STYPEPSC": "01" }, "geometry": { "type": "MultiPoint", "coordinates": [ [ 3.194040304287804, 45.665378362434033 ] ] } },
{ "type": "Feature", "properties": { "LIBELLE": "Patrimoine géologique", "TYPEPSC": "07", "STYPEPSC": "01" }, "geometry": { "type": "MultiPoint", "coordinates": [ [ 3.192628285355603, 45.664960874763949 ] ] } },
{ "type": "Feature", "properties": { "LIBELLE": "Patrimoine hydraulique", "TYPEPSC": "07", "STYPEPSC": "01" }, "geometry": { "type": "MultiPoint", "coordinates": [ [ 3.193054348185711, 45.664296190704512 ] ] } },
{ "type": "Feature", "properties": { "LIBELLE": "Patrimoine religieux", "TYPEPSC": "07", "STYPEPSC": "01" }, "geometry": { "type": "MultiPoint", "coordinates": [ [ 3.189756436545197, 45.666374483485477 ] ] } },
{ "type": "Feature", "properties": { "LIBELLE": "Patrimoine hydraulique", "TYPEPSC": "07", "STYPEPSC": "01" }, "geometry": { "type": "MultiPoint", "coordinates": [ [ 3.190969325367579, 45.6564716069295 ] ] } },
{ "type": "Feature", "properties": { "LIBELLE": "Patrimoine artisanal et industriel", "TYPEPSC": "07", "STYPEPSC": "01" }, "geometry": { "type": "MultiPoint", "coordinates": [ [ 3.195850481755018, 45.65507293823012 ] ] } },
{ "type": "Feature", "properties": { "LIBELLE": "Patrimoine civil", "TYPEPSC": "07", "STYPEPSC": "01" }, "geometry": { "type": "MultiPoint", "coordinates": [ [ 3.192979504807981, 45.654788759339631 ] ] } },
{ "type": "Feature", "properties": { "LIBELLE": "Patrimoine religieux", "TYPEPSC": "07", "STYPEPSC": "01" }, "geometry": { "type": "MultiPoint", "coordinates": [ [ 3.073160137711979, 45.643386940046071 ] ] } },
{ "type": "Feature", "properties": { "LIBELLE": "Patrimoine mixte", "TYPEPSC": "07", "STYPEPSC": "01" }, "geometry": { "type": "MultiPoint", "coordinates": [ [ 3.224715849018916, 45.712663665744834 ] ] } },
{ "type": "Feature", "properties": { "LIBELLE": "Patrimoine mixte", "TYPEPSC": "07", "STYPEPSC": "01" }, "geometry": { "type": "MultiPoint", "coordinates": [ [ 3.229609879195433, 45.713359916141954 ] ] } },
{ "type": "Feature", "properties": { "LIBELLE": "Patrimoine mixte", "TYPEPSC": "07", "STYPEPSC": "01" }, "geometry": { "type": "MultiPoint", "coordinates": [ [ 3.225224850850115, 45.709280945600391 ] ] } },
{ "type": "Feature", "properties": { "LIBELLE": "Patrimoine mixte", "TYPEPSC": "07", "STYPEPSC": "01" }, "geometry": { "type": "MultiPoint", "coordinates": [ [ 3.226293689132081, 45.709014012105008 ] ] } },
{ "type": "Feature", "properties": { "LIBELLE": "Patrimoine religieux", "TYPEPSC": "07", "STYPEPSC": "01" }, "geometry": { "type": "MultiPoint", "coordinates": [ [ 3.224398744392466, 45.706809220505157 ] ] } },
{ "type": "Feature", "properties": { "LIBELLE": "Patrimoine mixte", "TYPEPSC": "07", "STYPEPSC": "01" }, "geometry": { "type": "MultiPoint", "coordinates": [ [ 3.232074961193983, 45.707766132904879 ] ] } },
{ "type": "Feature", "properties": { "LIBELLE": "Patrimoine religieux", "TYPEPSC": "07", "STYPEPSC": "01" }, "geometry": { "type": "MultiPoint", "coordinates": [ [ 3.276659075215724, 45.677160250548383 ] ] } },
{ "type": "Feature", "properties": { "LIBELLE": "Patrimoine religieux", "TYPEPSC": "07", "STYPEPSC": "01" }, "geometry": { "type": "MultiPoint", "coordinates": [ [ 3.270510797280564, 45.678423008388052 ] ] } },
{ "type": "Feature", "properties": { "LIBELLE": "Patrimoine religieux", "TYPEPSC": "07", "STYPEPSC": "01" }, "geometry": { "type": "MultiPoint", "coordinates": [ [ 3.269107845944326, 45.673914872119624 ] ] } },
{ "type": "Feature", "properties": { "LIBELLE": "Patrimoine artisanal et industriel", "TYPEPSC": "07", "STYPEPSC": "01" }, "geometry": { "type": "MultiPoint", "coordinates": [ [ 3.268365898435414, 45.673634119556787 ] ] } },
{ "type": "Feature", "properties": { "LIBELLE": "Patrimoine religieux", "TYPEPSC": "07", "STYPEPSC": "01" }, "geometry": { "type": "MultiPoint", "coordinates": [ [ 3.268495246896764, 45.673700850720088 ] ] } },
{ "type": "Feature", "properties": { "LIBELLE": "Patrimoine civil", "TYPEPSC": "07", "STYPEPSC": "01" }, "geometry": { "type": "MultiPoint", "coordinates": [ [ 3.266004177262358, 45.673488380668395 ] ] } },
{ "type": "Feature", "properties": { "LIBELLE": "Patrimoine mixte", "TYPEPSC": "07", "STYPEPSC": "01" }, "geometry": { "type": "MultiPoint", "coordinates": [ [ 3.259394797866466, 45.667164005796316 ] ] } },
{ "type": "Feature", "properties": { "LIBELLE": "Patrimoine hydraulique", "TYPEPSC": "07", "STYPEPSC": "01" }, "geometry": { "type": "MultiPoint", "coordinates": [ [ 3.252373609023028, 45.664466744714403 ] ] } },
{ "type": "Feature", "properties": { "LIBELLE": "Patrimoine artisanal et industriel", "TYPEPSC": "07", "STYPEPSC": "01" }, "geometry": { "type": "MultiPoint", "coordinates": [ [ 3.251176355665621, 45.663030205796794 ] ] } },
{ "type": "Feature", "properties": { "LIBELLE": "Patrimoine hydraulique", "TYPEPSC": "07", "STYPEPSC": "01" }, "geometry": { "type": "MultiPoint", "coordinates": [ [ 3.250872632326439, 45.662169990859574 ] ] } },
{ "type": "Feature", "properties": { "LIBELLE": "Patrimoine religieux", "TYPEPSC": "07", "STYPEPSC": "01" }, "geometry": { "type": "MultiPoint", "coordinates": [ [ 3.252584610068046, 45.658657794151956 ] ] } },
{ "type": "Feature", "properties": { "LIBELLE": "Patrimoine hydraulique", "TYPEPSC": "07", "STYPEPSC": "01" }, "geometry": { "type": "MultiPoint", "coordinates": [ [ 3.127564264566165, 45.68860998840718 ] ] } },
{ "type": "Feature", "properties": { "LIBELLE": "Patrimoine religieux", "TYPEPSC": "07", "STYPEPSC": "01" }, "geometry": { "type": "MultiPoint", "coordinates": [ [ 3.124721492564374, 45.686482700927506 ] ] } },
{ "type": "Feature", "properties": { "LIBELLE": "Patrimoine civil", "TYPEPSC": "07", "STYPEPSC": "01" }, "geometry": { "type": "MultiPoint", "coordinates": [ [ 3.124725908644874, 45.686632084266378 ] ] } },
{ "type": "Feature", "properties": { "LIBELLE": "Patrimoine civil", "TYPEPSC": "07", "STYPEPSC": "01" }, "geometry": { "type": "MultiPoint", "coordinates": [ [ 3.125113205997902, 45.686608008636618 ] ] } },
{ "type": "Feature", "properties": { "LIBELLE": "Patrimoine hydraulique", "TYPEPSC": "07", "STYPEPSC": "01" }, "geometry": { "type": "MultiPoint", "coordinates": [ [ 3.125058414615948, 45.687094151461565 ] ] } },
{ "type": "Feature", "properties": { "LIBELLE": "Patrimoine hydraulique", "TYPEPSC": "07", "STYPEPSC": "01" }, "geometry": { "type": "MultiPoint", "coordinates": [ [ 3.126070934108307, 45.687299951102489 ] ] } },
{ "type": "Feature", "properties": { "LIBELLE": "Patrimoine religieux", "TYPEPSC": "07", "STYPEPSC": "01" }, "geometry": { "type": "MultiPoint", "coordinates": [ [ 3.122662707703804, 45.687998152370589 ] ] } },
{ "type": "Feature", "properties": { "LIBELLE": "Patrimoine hydraulique", "TYPEPSC": "07", "STYPEPSC": "01" }, "geometry": { "type": "MultiPoint", "coordinates": [ [ 3.129701053363223, 45.686426829088376 ] ] } },
{ "type": "Feature", "properties": { "LIBELLE": "Patrimoine civil", "TYPEPSC": "07", "STYPEPSC": "01" }, "geometry": { "type": "MultiPoint", "coordinates": [ [ 3.129896655437285, 45.686976444001303 ] ] } },
{ "type": "Feature", "properties": { "LIBELLE": "Patrimoine hydraulique", "TYPEPSC": "07", "STYPEPSC": "01" }, "geometry": { "type": "MultiPoint", "coordinates": [ [ 3.12967869939002, 45.687037465828872 ] ] } },
{ "type": "Feature", "properties": { "LIBELLE": "Patrimoine religieux", "TYPEPSC": "07", "STYPEPSC": "01" }, "geometry": { "type": "MultiPoint", "coordinates": [ [ 3.128989440560713, 45.687546940837294 ] ] } },
{ "type": "Feature", "properties": { "LIBELLE": "Patrimoine religieux", "TYPEPSC": "07", "STYPEPSC": "01" }, "geometry": { "type": "MultiPoint", "coordinates": [ [ 3.128678046910827, 45.685145814437064 ] ] } },
{ "type": "Feature", "properties": { "LIBELLE": "Patrimoine hydraulique", "TYPEPSC": "07", "STYPEPSC": "01" }, "geometry": { "type": "MultiPoint", "coordinates": [ [ 3.129001756031152, 45.685250229260568 ] ] } },
{ "type": "Feature", "properties": { "LIBELLE": "Patrimoine agricole", "TYPEPSC": "07", "STYPEPSC": "01" }, "geometry": { "type": "MultiPoint", "coordinates": [ [ 3.128318919921326, 45.690574565746289 ] ] } },
{ "type": "Feature", "properties": { "LIBELLE": "Patrimoine religieux", "TYPEPSC": "07", "STYPEPSC": "01" }, "geometry": { "type": "MultiPoint", "coordinates": [ [ 3.134172270707923, 45.689095993355558 ] ] } },
{ "type": "Feature", "properties": { "LIBELLE": "Patrimoine religieux", "TYPEPSC": "07", "STYPEPSC": "01" }, "geometry": { "type": "MultiPoint", "coordinates": [ [ 3.119523042004205, 45.689151866137969 ] ] } },
{ "type": "Feature", "properties": { "LIBELLE": "Patrimoine religieux", "TYPEPSC": "07", "STYPEPSC": "01" }, "geometry": { "type": "MultiPoint", "coordinates": [ [ 3.126316588610503, 45.685002163267228 ] ] } },
{ "type": "Feature", "properties": { "LIBELLE": "Patrimoine civil", "TYPEPSC": "07", "STYPEPSC": "01" }, "geometry": { "type": "MultiPoint", "coordinates": [ [ 3.127205258959852, 45.685318693726025 ] ] } },
{ "type": "Feature", "properties": { "LIBELLE": "Patrimoine civil", "TYPEPSC": "07", "STYPEPSC": "01" }, "geometry": { "type": "MultiPoint", "coordinates": [ [ 3.127920297492234, 45.685579529131019 ] ] } },
{ "type": "Feature", "properties": { "LIBELLE": "Patrimoine religieux", "TYPEPSC": "07", "STYPEPSC": "01" }, "geometry": { "type": "MultiPoint", "coordinates": [ [ 3.197850266196169, 45.70192803553212 ] ] } },
{ "type": "Feature", "properties": { "LIBELLE": "Patrimoine religieux", "TYPEPSC": "07", "STYPEPSC": "01" }, "geometry": { "type": "MultiPoint", "coordinates": [ [ 3.189720234641788, 45.689348361076249 ] ] } },
{ "type": "Feature", "properties": { "LIBELLE": "Patrimoine religieux", "TYPEPSC": "07", "STYPEPSC": "01" }, "geometry": { "type": "MultiPoint", "coordinates": [ [ 3.187520759473513, 45.687807828326427 ] ] } },
{ "type": "Feature", "properties": { "LIBELLE": "Patrimoine religieux", "TYPEPSC": "07", "STYPEPSC": "01" }, "geometry": { "type": "MultiPoint", "coordinates": [ [ 3.199114737439261, 45.689397236778987 ] ] } },
{ "type": "Feature", "properties": { "LIBELLE": "Patrimoine religieux", "TYPEPSC": "07", "STYPEPSC": "01" }, "geometry": { "type": "MultiPoint", "coordinates": [ [ 3.194146247700708, 45.6875809262499 ] ] } },
{ "type": "Feature", "properties": { "LIBELLE": "Patrimoine religieux", "TYPEPSC": "07", "STYPEPSC": "01" }, "geometry": { "type": "MultiPoint", "coordinates": [ [ 3.185891180650409, 45.684190388892965 ] ] } },
{ "type": "Feature", "properties": { "LIBELLE": "Patrimoine religieux", "TYPEPSC": "07", "STYPEPSC": "01" }, "geometry": { "type": "MultiPoint", "coordinates": [ [ 3.189209178064377, 45.68406852236852 ] ] } },
{ "type": "Feature", "properties": { "LIBELLE": "Patrimoine religieux", "TYPEPSC": "07", "STYPEPSC": "01" }, "geometry": { "type": "MultiPoint", "coordinates": [ [ 3.189817285665722, 45.682180364778077 ] ] } },
{ "type": "Feature", "properties": { "LIBELLE": "Patrimoine religieux", "TYPEPSC": "07", "STYPEPSC": "01" }, "geometry": { "type": "MultiPoint", "coordinates": [ [ 3.194102404477336, 45.680272144071907 ] ] } },
{ "type": "Feature", "properties": { "LIBELLE": "Patrimoine religieux", "TYPEPSC": "07", "STYPEPSC": "01" }, "geometry": { "type": "MultiPoint", "coordinates": [ [ 3.204119226213758, 45.67916200275944 ] ] } },
{ "type": "Feature", "properties": { "LIBELLE": "Patrimoine religieux", "TYPEPSC": "07", "STYPEPSC": "01" }, "geometry": { "type": "MultiPoint", "coordinates": [ [ 3.207810677665179, 45.671196806224444 ] ] } },
{ "type": "Feature", "properties": { "LIBELLE": "Patrimoine hydraulique", "TYPEPSC": "07", "STYPEPSC": "01" }, "geometry": { "type": "MultiPoint", "coordinates": [ [ 3.35105007391264, 45.612200338016812 ] ] } },
{ "type": "Feature", "properties": { "LIBELLE": "Patrimoine mixte", "TYPEPSC": "07", "STYPEPSC": "01" }, "geometry": { "type": "MultiPoint", "coordinates": [ [ 3.350814864362881, 45.611817813611097 ] ] } },
{ "type": "Feature", "properties": { "LIBELLE": "Patrimoine artisanal et industriel", "TYPEPSC": "07", "STYPEPSC": "01" }, "geometry": { "type": "MultiPoint", "coordinates": [ [ 3.372802127152511, 45.606467899056078 ] ] } },
{ "type": "Feature", "properties": { "LIBELLE": "Patrimoine hydraulique", "TYPEPSC": "07", "STYPEPSC": "01" }, "geometry": { "type": "MultiPoint", "coordinates": [ [ 3.295704246287423, 45.66319120116939 ] ] } },
{ "type": "Feature", "properties": { "LIBELLE": "Patrimoine artisanal et industriel", "TYPEPSC": "07", "STYPEPSC": "01" }, "geometry": { "type": "MultiPoint", "coordinates": [ [ 3.295233064735137, 45.662826227953609 ] ] } },
{ "type": "Feature", "properties": { "LIBELLE": "Patrimoine hydraulique", "TYPEPSC": "07", "STYPEPSC": "01" }, "geometry": { "type": "MultiPoint", "coordinates": [ [ 3.295206058958982, 45.66273546163751 ] ] } },
{ "type": "Feature", "properties": { "LIBELLE": "Patrimoine hydraulique", "TYPEPSC": "07", "STYPEPSC": "01" }, "geometry": { "type": "MultiPoint", "coordinates": [ [ 3.294679387377521, 45.66267604454314 ] ] } },
{ "type": "Feature", "properties": { "LIBELLE": "Patrimoine hydraulique", "TYPEPSC": "07", "STYPEPSC": "01" }, "geometry": { "type": "MultiPoint", "coordinates": [ [ 3.294706486941809, 45.662401316542322 ] ] } },
{ "type": "Feature", "properties": { "LIBELLE": "Patrimoine religieux", "TYPEPSC": "07", "STYPEPSC": "01" }, "geometry": { "type": "MultiPoint", "coordinates": [ [ 3.294191634724834, 45.662645848688406 ] ] } },
{ "type": "Feature", "properties": { "LIBELLE": "Patrimoine hydraulique", "TYPEPSC": "07", "STYPEPSC": "01" }, "geometry": { "type": "MultiPoint", "coordinates": [ [ 3.271288009569433, 45.657425509450341 ] ] } },
{ "type": "Feature", "properties": { "LIBELLE": "Patrimoine religieux", "TYPEPSC": "07", "STYPEPSC": "01" }, "geometry": { "type": "MultiPoint", "coordinates": [ [ 3.270796263321043, 45.656775098797659 ] ] } },
{ "type": "Feature", "properties": { "LIBELLE": "Patrimoine hydraulique", "TYPEPSC": "07", "STYPEPSC": "01" }, "geometry": { "type": "MultiPoint", "coordinates": [ [ 3.271025878313771, 45.656592157172504 ] ] } },
{ "type": "Feature", "properties": { "LIBELLE": "Patrimoine hydraulique", "TYPEPSC": "07", "STYPEPSC": "01" }, "geometry": { "type": "MultiPoint", "coordinates": [ [ 3.270841462782183, 45.656840793244875 ] ] } },
{ "type": "Feature", "properties": { "LIBELLE": "Patrimoine hydraulique", "TYPEPSC": "07", "STYPEPSC": "01" }, "geometry": { "type": "MultiPoint", "coordinates": [ [ 3.269446860761164, 45.657404181139015 ] ] } },
{ "type": "Feature", "properties": { "LIBELLE": "Patrimoine hydraulique", "TYPEPSC": "07", "STYPEPSC": "01" }, "geometry": { "type": "MultiPoint", "coordinates": [ [ 3.27119278043075, 45.655475247457638 ] ] } },
{ "type": "Feature", "properties": { "LIBELLE": "Patrimoine hydraulique", "TYPEPSC": "07", "STYPEPSC": "01" }, "geometry": { "type": "MultiPoint", "coordinates": [ [ 3.271588874846359, 45.65554867894096 ] ] } },
{ "type": "Feature", "properties": { "LIBELLE": "Patrimoine hydraulique", "TYPEPSC": "07", "STYPEPSC": "01" }, "geometry": { "type": "MultiPoint", "coordinates": [ [ 3.283431373223481, 45.645167309455474 ] ] } },
{ "type": "Feature", "properties": { "LIBELLE": "Patrimoine agricole", "TYPEPSC": "07", "STYPEPSC": "01" }, "geometry": { "type": "MultiPoint", "coordinates": [ [ 3.283311860540603, 45.644905386764201 ] ] } },
{ "type": "Feature", "properties": { "LIBELLE": "Patrimoine religieux", "TYPEPSC": "07", "STYPEPSC": "01" }, "geometry": { "type": "MultiPoint", "coordinates": [ [ 3.283396862146023, 45.644721314949265 ] ] } },
{ "type": "Feature", "properties": { "LIBELLE": "Patrimoine hydraulique", "TYPEPSC": "07", "STYPEPSC": "01" }, "geometry": { "type": "MultiPoint", "coordinates": [ [ 3.28323591339738, 45.644759395793713 ] ] } },
{ "type": "Feature", "properties": { "LIBELLE": "Patrimoine mixte", "TYPEPSC": "07", "STYPEPSC": "01" }, "geometry": { "type": "MultiPoint", "coordinates": [ [ 3.281959354298545, 45.644670059732576 ] ] } },
{ "type": "Feature", "properties": { "LIBELLE": "Patrimoine hydraulique", "TYPEPSC": "07", "STYPEPSC": "01" }, "geometry": { "type": "MultiPoint", "coordinates": [ [ 3.282880941238872, 45.644249404602164 ] ] } },
{ "type": "Feature", "properties": { "LIBELLE": "Patrimoine religieux", "TYPEPSC": "07", "STYPEPSC": "01" }, "geometry": { "type": "MultiPoint", "coordinates": [ [ 3.285331064963433, 45.641895266013734 ] ] } },
{ "type": "Feature", "properties": { "LIBELLE": "Patrimoine religieux", "TYPEPSC": "07", "STYPEPSC": "01" }, "geometry": { "type": "MultiPoint", "coordinates": [ [ 3.282295554590029, 45.646586773184694 ] ] } },
{ "type": "Feature", "properties": { "LIBELLE": "Patrimoine hydraulique", "TYPEPSC": "07", "STYPEPSC": "01" }, "geometry": { "type": "MultiPoint", "coordinates": [ [ 3.266726254037365, 45.656366188020826 ] ] } },
{ "type": "Feature", "properties": { "LIBELLE": "Patrimoine religieux", "TYPEPSC": "07", "STYPEPSC": "01" }, "geometry": { "type": "MultiPoint", "coordinates": [ [ 3.267052990680097, 45.65371002330064 ] ] } },
{ "type": "Feature", "properties": { "LIBELLE": "Patrimoine hydraulique", "TYPEPSC": "07", "STYPEPSC": "01" }, "geometry": { "type": "MultiPoint", "coordinates": [ [ 3.272196048125128, 45.71132625003645 ] ] } },
{ "type": "Feature", "properties": { "LIBELLE": "Patrimoine religieux", "TYPEPSC": "07", "STYPEPSC": "01" }, "geometry": { "type": "MultiPoint", "coordinates": [ [ 3.263168197767663, 45.713119242022593 ] ] } },
{ "type": "Feature", "properties": { "LIBELLE": "Patrimoine civil", "TYPEPSC": "07", "STYPEPSC": "01" }, "geometry": { "type": "MultiPoint", "coordinates": [ [ 3.244180861769164, 45.710247244634253 ] ] } },
{ "type": "Feature", "properties": { "LIBELLE": "Patrimoine hydraulique", "TYPEPSC": "07", "STYPEPSC": "01" }, "geometry": { "type": "MultiPoint", "coordinates": [ [ 3.241728832065769, 45.710229387299385 ] ] } },
{ "type": "Feature", "properties": { "LIBELLE": "Patrimoine religieux", "TYPEPSC": "07", "STYPEPSC": "01" }, "geometry": { "type": "MultiPoint", "coordinates": [ [ 3.116153200651327, 45.645807648748246 ] ] } },
{ "type": "Feature", "properties": { "LIBELLE": "Patrimoine religieux", "TYPEPSC": "07", "STYPEPSC": "01" }, "geometry": { "type": "MultiPoint", "coordinates": [ [ 3.111897033107521, 45.644007148216055 ] ] } },
{ "type": "Feature", "properties": { "LIBELLE": "Patrimoine religieux", "TYPEPSC": "07", "STYPEPSC": "01" }, "geometry": { "type": "MultiPoint", "coordinates": [ [ 3.111341938044183, 45.64056153775234 ] ] } },
{ "type": "Feature", "properties": { "LIBELLE": "Patrimoine religieux", "TYPEPSC": "07", "STYPEPSC": "01" }, "geometry": { "type": "MultiPoint", "coordinates": [ [ 3.106879314311184, 45.640991949643357 ] ] } },
{ "type": "Feature", "properties": { "LIBELLE": "Patrimoine hydraulique", "TYPEPSC": "07", "STYPEPSC": "01" }, "geometry": { "type": "MultiPoint", "coordinates": [ [ 3.107571697565088, 45.64041123703651 ] ] } },
{ "type": "Feature", "properties": { "LIBELLE": "Patrimoine religieux", "TYPEPSC": "07", "STYPEPSC": "01" }, "geometry": { "type": "MultiPoint", "coordinates": [ [ 3.105728641224565, 45.640215864622249 ] ] } },
{ "type": "Feature", "properties": { "LIBELLE": "Patrimoine religieux", "TYPEPSC": "07", "STYPEPSC": "01" }, "geometry": { "type": "MultiPoint", "coordinates": [ [ 3.102484879819345, 45.641474540415899 ] ] } },
{ "type": "Feature", "properties": { "LIBELLE": "Patrimoine religieux", "TYPEPSC": "07", "STYPEPSC": "01" }, "geometry": { "type": "MultiPoint", "coordinates": [ [ 3.105141677820258, 45.638619573237051 ] ] } },
{ "type": "Feature", "properties": { "LIBELLE": "Patrimoine civil", "TYPEPSC": "07", "STYPEPSC": "01" }, "geometry": { "type": "MultiPoint", "coordinates": [ [ 3.116812924792579, 45.639539406707911 ] ] } },
{ "type": "Feature", "properties": { "LIBELLE": "Patrimoine religieux", "TYPEPSC": "07", "STYPEPSC": "01" }, "geometry": { "type": "MultiPoint", "coordinates": [ [ 3.329299033909111, 45.629455195079487 ] ] } },
{ "type": "Feature", "properties": { "LIBELLE": "Patrimoine hydraulique", "TYPEPSC": "07", "STYPEPSC": "01" }, "geometry": { "type": "MultiPoint", "coordinates": [ [ 3.329491054548626, 45.629505075701665 ] ] } },
{ "type": "Feature", "properties": { "LIBELLE": "Patrimoine civil", "TYPEPSC": "07", "STYPEPSC": "01" }, "geometry": { "type": "MultiPoint", "coordinates": [ [ 3.330307723491588, 45.629143978735136 ] ] } },
{ "type": "Feature", "properties": { "LIBELLE": "Patrimoine hydraulique", "TYPEPSC": "07", "STYPEPSC": "01" }, "geometry": { "type": "MultiPoint", "coordinates": [ [ 3.32681402913501, 45.628002405180588 ] ] } },
{ "type": "Feature", "properties": { "LIBELLE": "Patrimoine civil", "TYPEPSC": "07", "STYPEPSC": "01" }, "geometry": { "type": "MultiPoint", "coordinates": [ [ 3.328466290606916, 45.651612119358141 ] ] } },
{ "type": "Feature", "properties": { "LIBELLE": "Patrimoine hydraulique", "TYPEPSC": "07", "STYPEPSC": "01" }, "geometry": { "type": "MultiPoint", "coordinates": [ [ 3.330668933012421, 45.651851580203676 ] ] } },
{ "type": "Feature", "properties": { "LIBELLE": "Patrimoine religieux", "TYPEPSC": "07", "STYPEPSC": "01" }, "geometry": { "type": "MultiPoint", "coordinates": [ [ 3.329206343363809, 45.650825993994076 ] ] } },
{ "type": "Feature", "properties": { "LIBELLE": "Patrimoine religieux", "TYPEPSC": "07", "STYPEPSC": "01" }, "geometry": { "type": "MultiPoint", "coordinates": [ [ 3.329493651304893, 45.64975324582565 ] ] } },
{ "type": "Feature", "properties": { "LIBELLE": "Patrimoine hydraulique", "TYPEPSC": "07", "STYPEPSC": "01" }, "geometry": { "type": "MultiPoint", "coordinates": [ [ 3.327651045898442, 45.650077042885542 ] ] } },
{ "type": "Feature", "properties": { "LIBELLE": "Patrimoine religieux", "TYPEPSC": "07", "STYPEPSC": "01" }, "geometry": { "type": "MultiPoint", "coordinates": [ [ 3.329453906101265, 45.646171663474881 ] ] } },
{ "type": "Feature", "properties": { "LIBELLE": "Patrimoine hydraulique", "TYPEPSC": "07", "STYPEPSC": "01" }, "geometry": { "type": "MultiPoint", "coordinates": [ [ 3.329397927233269, 45.645098983348703 ] ] } },
{ "type": "Feature", "properties": { "LIBELLE": "Patrimoine hydraulique", "TYPEPSC": "07", "STYPEPSC": "01" }, "geometry": { "type": "MultiPoint", "coordinates": [ [ 3.311922995528421, 45.628950829741939 ] ] } },
{ "type": "Feature", "properties": { "LIBELLE": "Patrimoine agricole", "TYPEPSC": "07", "STYPEPSC": "01" }, "geometry": { "type": "MultiPoint", "coordinates": [ [ 3.311793009530988, 45.628823840494029 ] ] } },
{ "type": "Feature", "properties": { "LIBELLE": "Patrimoine hydraulique", "TYPEPSC": "07", "STYPEPSC": "01" }, "geometry": { "type": "MultiPoint", "coordinates": [ [ 3.310838716902664, 45.628507174829821 ] ] } },
{ "type": "Feature", "properties": { "LIBELLE": "Patrimoine hydraulique", "TYPEPSC": "07", "STYPEPSC": "01" }, "geometry": { "type": "MultiPoint", "coordinates": [ [ 3.310058691941426, 45.627957686106484 ] ] } },
{ "type": "Feature", "properties": { "LIBELLE": "Patrimoine hydraulique", "TYPEPSC": "07", "STYPEPSC": "01" }, "geometry": { "type": "MultiPoint", "coordinates": [ [ 3.333155945307148, 45.626370757871157 ] ] } },
{ "type": "Feature", "properties": { "LIBELLE": "Patrimoine hydraulique", "TYPEPSC": "07", "STYPEPSC": "01" }, "geometry": { "type": "MultiPoint", "coordinates": [ [ 3.3324800716641, 45.62598704799607 ] ] } },
{ "type": "Feature", "properties": { "LIBELLE": "Patrimoine artisanal et industriel", "TYPEPSC": "07", "STYPEPSC": "01" }, "geometry": { "type": "MultiPoint", "coordinates": [ [ 3.33300254768159, 45.625659202531089 ] ] } },
{ "type": "Feature", "properties": { "LIBELLE": "Patrimoine religieux", "TYPEPSC": "07", "STYPEPSC": "01" }, "geometry": { "type": "MultiPoint", "coordinates": [ [ 3.344521086685754, 45.635472967809491 ] ] } },
{ "type": "Feature", "properties": { "LIBELLE": "Patrimoine hydraulique", "TYPEPSC": "07", "STYPEPSC": "01" }, "geometry": { "type": "MultiPoint", "coordinates": [ [ 3.322480076682197, 45.635870433925305 ] ] } },
{ "type": "Feature", "properties": { "LIBELLE": "Patrimoine hydraulique", "TYPEPSC": "07", "STYPEPSC": "01" }, "geometry": { "type": "MultiPoint", "coordinates": [ [ 3.326830069163702, 45.634222007690781 ] ] } },
{ "type": "Feature", "properties": { "LIBELLE": "Patrimoine hydraulique", "TYPEPSC": "07", "STYPEPSC": "01" }, "geometry": { "type": "MultiPoint", "coordinates": [ [ 3.327715947045222, 45.63392957562067 ] ] } },
{ "type": "Feature", "properties": { "LIBELLE": "Patrimoine hydraulique", "TYPEPSC": "07", "STYPEPSC": "01" }, "geometry": { "type": "MultiPoint", "coordinates": [ [ 3.297867511900407, 45.666822580467333 ] ] } },
{ "type": "Feature", "properties": { "LIBELLE": "Patrimoine religieux", "TYPEPSC": "07", "STYPEPSC": "01" }, "geometry": { "type": "MultiPoint", "coordinates": [ [ 3.300499788858878, 45.666220619864852 ] ] } },
{ "type": "Feature", "properties": { "LIBELLE": "Patrimoine hydraulique", "TYPEPSC": "07", "STYPEPSC": "01" }, "geometry": { "type": "MultiPoint", "coordinates": [ [ 3.300637302401374, 45.66639227038246 ] ] } },
{ "type": "Feature", "properties": { "LIBELLE": "Patrimoine hydraulique", "TYPEPSC": "07", "STYPEPSC": "01" }, "geometry": { "type": "MultiPoint", "coordinates": [ [ 3.301218848176482, 45.666357022303394 ] ] } },
{ "type": "Feature", "properties": { "LIBELLE": "Patrimoine hydraulique", "TYPEPSC": "07", "STYPEPSC": "01" }, "geometry": { "type": "MultiPoint", "coordinates": [ [ 3.301948260206486, 45.66653595344583 ] ] } },
{ "type": "Feature", "properties": { "LIBELLE": "Patrimoine religieux", "TYPEPSC": "07", "STYPEPSC": "01" }, "geometry": { "type": "MultiPoint", "coordinates": [ [ 3.301748422694018, 45.666299743272546 ] ] } },
{ "type": "Feature", "properties": { "LIBELLE": "Patrimoine hydraulique", "TYPEPSC": "07", "STYPEPSC": "01" }, "geometry": { "type": "MultiPoint", "coordinates": [ [ 3.301750773135866, 45.666266929507273 ] ] } },
{ "type": "Feature", "properties": { "LIBELLE": "Patrimoine hydraulique", "TYPEPSC": "07", "STYPEPSC": "01" }, "geometry": { "type": "MultiPoint", "coordinates": [ [ 3.301029354653028, 45.665929258535655 ] ] } },
{ "type": "Feature", "properties": { "LIBELLE": "Patrimoine civil", "TYPEPSC": "07", "STYPEPSC": "01" }, "geometry": { "type": "MultiPoint", "coordinates": [ [ 3.300900856409969, 45.665322220498346 ] ] } },
{ "type": "Feature", "properties": { "LIBELLE": "Patrimoine hydraulique", "TYPEPSC": "07", "STYPEPSC": "01" }, "geometry": { "type": "MultiPoint", "coordinates": [ [ 3.300963696189315, 45.665250230836449 ] ] } },
{ "type": "Feature", "properties": { "LIBELLE": "Patrimoine hydraulique", "TYPEPSC": "07", "STYPEPSC": "01" }, "geometry": { "type": "MultiPoint", "coordinates": [ [ 3.300701280128775, 45.66536531459645 ] ] } },
{ "type": "Feature", "properties": { "LIBELLE": "Patrimoine hydraulique", "TYPEPSC": "07", "STYPEPSC": "01" }, "geometry": { "type": "MultiPoint", "coordinates": [ [ 3.300639572783676, 45.665180161511621 ] ] } },
{ "type": "Feature", "properties": { "LIBELLE": "Patrimoine civil", "TYPEPSC": "07", "STYPEPSC": "01" }, "geometry": { "type": "MultiPoint", "coordinates": [ [ 3.337913505257147, 45.650553176905859 ] ] } },
{ "type": "Feature", "properties": { "LIBELLE": "Patrimoine civil", "TYPEPSC": "07", "STYPEPSC": "01" }, "geometry": { "type": "MultiPoint", "coordinates": [ [ 3.337722557031522, 45.650339171157853 ] ] } },
{ "type": "Feature", "properties": { "LIBELLE": "Patrimoine hydraulique", "TYPEPSC": "07", "STYPEPSC": "01" }, "geometry": { "type": "MultiPoint", "coordinates": [ [ 3.337658673680425, 45.650229413360556 ] ] } },
{ "type": "Feature", "properties": { "LIBELLE": "Patrimoine hydraulique", "TYPEPSC": "07", "STYPEPSC": "01" }, "geometry": { "type": "MultiPoint", "coordinates": [ [ 3.338039388229586, 45.650256644965076 ] ] } },
{ "type": "Feature", "properties": { "LIBELLE": "Patrimoine religieux", "TYPEPSC": "07", "STYPEPSC": "01" }, "geometry": { "type": "MultiPoint", "coordinates": [ [ 3.338391617643107, 45.650174011491494 ] ] } },
{ "type": "Feature", "properties": { "LIBELLE": "Patrimoine artisanal et industriel", "TYPEPSC": "07", "STYPEPSC": "01" }, "geometry": { "type": "MultiPoint", "coordinates": [ [ 3.338454005108675, 45.650245645755163 ] ] } },
{ "type": "Feature", "properties": { "LIBELLE": "Patrimoine hydraulique", "TYPEPSC": "07", "STYPEPSC": "01" }, "geometry": { "type": "MultiPoint", "coordinates": [ [ 3.339080848706395, 45.6502065186992 ] ] } },
{ "type": "Feature", "properties": { "LIBELLE": "Patrimoine hydraulique", "TYPEPSC": "07", "STYPEPSC": "01" }, "geometry": { "type": "MultiPoint", "coordinates": [ [ 3.338260805564893, 45.649663228512644 ] ] } },
{ "type": "Feature", "properties": { "LIBELLE": "Patrimoine artisanal et industriel", "TYPEPSC": "07", "STYPEPSC": "01" }, "geometry": { "type": "MultiPoint", "coordinates": [ [ 3.337658998314095, 45.634316463733249 ] ] } },
{ "type": "Feature", "properties": { "LIBELLE": "Patrimoine hydraulique", "TYPEPSC": "07", "STYPEPSC": "01" }, "geometry": { "type": "MultiPoint", "coordinates": [ [ 3.335132933428294, 45.634191010317622 ] ] } },
{ "type": "Feature", "properties": { "LIBELLE": "Patrimoine hydraulique", "TYPEPSC": "07", "STYPEPSC": "01" }, "geometry": { "type": "MultiPoint", "coordinates": [ [ 3.334569260077966, 45.631685135704473 ] ] } },
{ "type": "Feature", "properties": { "LIBELLE": "Patrimoine hydraulique", "TYPEPSC": "07", "STYPEPSC": "01" }, "geometry": { "type": "MultiPoint", "coordinates": [ [ 3.319929365913994, 45.636825264187628 ] ] } },
{ "type": "Feature", "properties": { "LIBELLE": "Patrimoine hydraulique", "TYPEPSC": "07", "STYPEPSC": "01" }, "geometry": { "type": "MultiPoint", "coordinates": [ [ 3.320334199809384, 45.636450817626717 ] ] } },
{ "type": "Feature", "properties": { "LIBELLE": "Patrimoine artisanal et industriel", "TYPEPSC": "07", "STYPEPSC": "01" }, "geometry": { "type": "MultiPoint", "coordinates": [ [ 3.34648090450496, 45.629630995405805 ] ] } },
{ "type": "Feature", "properties": { "LIBELLE": "Patrimoine religieux", "TYPEPSC": "07", "STYPEPSC": "01" }, "geometry": { "type": "MultiPoint", "coordinates": [ [ 3.346422739838437, 45.629626297673617 ] ] } },
{ "type": "Feature", "properties": { "LIBELLE": "Patrimoine civil", "TYPEPSC": "07", "STYPEPSC": "01" }, "geometry": { "type": "MultiPoint", "coordinates": [ [ 3.319632039503127, 45.663383470520365 ] ] } },
{ "type": "Feature", "properties": { "LIBELLE": "Patrimoine civil", "TYPEPSC": "07", "STYPEPSC": "01" }, "geometry": { "type": "MultiPoint", "coordinates": [ [ 3.319398644833642, 45.662836916562611 ] ] } },
{ "type": "Feature", "properties": { "LIBELLE": "Patrimoine hydraulique", "TYPEPSC": "07", "STYPEPSC": "01" }, "geometry": { "type": "MultiPoint", "coordinates": [ [ 3.318213640993809, 45.661116855151114 ] ] } },
{ "type": "Feature", "properties": { "LIBELLE": "Patrimoine hydraulique", "TYPEPSC": "07", "STYPEPSC": "01" }, "geometry": { "type": "MultiPoint", "coordinates": [ [ 3.321452613622947, 45.662279662847531 ] ] } },
{ "type": "Feature", "properties": { "LIBELLE": "Patrimoine civil", "TYPEPSC": "07", "STYPEPSC": "01" }, "geometry": { "type": "MultiPoint", "coordinates": [ [ 3.350136014485808, 45.641856965739095 ] ] } },
{ "type": "Feature", "properties": { "LIBELLE": "Patrimoine hydraulique", "TYPEPSC": "07", "STYPEPSC": "01" }, "geometry": { "type": "MultiPoint", "coordinates": [ [ 3.349596178973598, 45.641332393625618 ] ] } },
{ "type": "Feature", "properties": { "LIBELLE": "Patrimoine hydraulique", "TYPEPSC": "07", "STYPEPSC": "01" }, "geometry": { "type": "MultiPoint", "coordinates": [ [ 3.328846517240582, 45.661650830916756 ] ] } },
{ "type": "Feature", "properties": { "LIBELLE": "Patrimoine religieux", "TYPEPSC": "07", "STYPEPSC": "01" }, "geometry": { "type": "MultiPoint", "coordinates": [ [ 3.328700781788685, 45.661598055049311 ] ] } },
{ "type": "Feature", "properties": { "LIBELLE": "Patrimoine religieux", "TYPEPSC": "07", "STYPEPSC": "01" }, "geometry": { "type": "MultiPoint", "coordinates": [ [ 3.338184578477323, 45.648440898816013 ] ] } },
{ "type": "Feature", "properties": { "LIBELLE": "Patrimoine civil", "TYPEPSC": "07", "STYPEPSC": "01" }, "geometry": { "type": "MultiPoint", "coordinates": [ [ 3.343956673594025, 45.649721414182856 ] ] } },
{ "type": "Feature", "properties": { "LIBELLE": "Patrimoine religieux", "TYPEPSC": "07", "STYPEPSC": "01" }, "geometry": { "type": "MultiPoint", "coordinates": [ [ 3.343344712916608, 45.649508703353071 ] ] } },
{ "type": "Feature", "properties": { "LIBELLE": "Patrimoine civil", "TYPEPSC": "07", "STYPEPSC": "01" }, "geometry": { "type": "MultiPoint", "coordinates": [ [ 3.351769107178912, 45.654466058643266 ] ] } },
{ "type": "Feature", "properties": { "LIBELLE": "Patrimoine civil", "TYPEPSC": "07", "STYPEPSC": "01" }, "geometry": { "type": "MultiPoint", "coordinates": [ [ 3.351940620137757, 45.65489379384703 ] ] } },
{ "type": "Feature", "properties": { "LIBELLE": "Patrimoine hydraulique", "TYPEPSC": "07", "STYPEPSC": "01" }, "geometry": { "type": "MultiPoint", "coordinates": [ [ 3.351807183745987, 45.654638179168323 ] ] } },
{ "type": "Feature", "properties": { "LIBELLE": "Patrimoine civil", "TYPEPSC": "07", "STYPEPSC": "01" }, "geometry": { "type": "MultiPoint", "coordinates": [ [ 3.340945934031791, 45.645927286816253 ] ] } },
{ "type": "Feature", "properties": { "LIBELLE": "Patrimoine artisanal et industriel", "TYPEPSC": "07", "STYPEPSC": "01" }, "geometry": { "type": "MultiPoint", "coordinates": [ [ 3.341089196234099, 45.645788529434789 ] ] } },
{ "type": "Feature", "properties": { "LIBELLE": "Patrimoine civil", "TYPEPSC": "07", "STYPEPSC": "01" }, "geometry": { "type": "MultiPoint", "coordinates": [ [ 3.32864083537183, 45.642380774770992 ] ] } },
{ "type": "Feature", "properties": { "LIBELLE": "Patrimoine civil", "TYPEPSC": "07", "STYPEPSC": "01" }, "geometry": { "type": "MultiPoint", "coordinates": [ [ 3.329619699057106, 45.642456384695606 ] ] } },
{ "type": "Feature", "properties": { "LIBELLE": "Patrimoine artisanal et industriel", "TYPEPSC": "07", "STYPEPSC": "01" }, "geometry": { "type": "MultiPoint", "coordinates": [ [ 3.330478316103263, 45.64239933601791 ] ] } },
{ "type": "Feature", "properties": { "LIBELLE": "Patrimoine hydraulique", "TYPEPSC": "07", "STYPEPSC": "01" }, "geometry": { "type": "MultiPoint", "coordinates": [ [ 3.330193518333772, 45.642177391435943 ] ] } },
{ "type": "Feature", "properties": { "LIBELLE": "Patrimoine hydraulique", "TYPEPSC": "07", "STYPEPSC": "01" }, "geometry": { "type": "MultiPoint", "coordinates": [ [ 3.329014382370608, 45.642062471086739 ] ] } },
{ "type": "Feature", "properties": { "LIBELLE": "Patrimoine religieux", "TYPEPSC": "07", "STYPEPSC": "01" }, "geometry": { "type": "MultiPoint", "coordinates": [ [ 3.120404206903161, 45.66691312269613 ] ] } },
{ "type": "Feature", "properties": { "LIBELLE": "Patrimoine hydraulique", "TYPEPSC": "07", "STYPEPSC": "01" }, "geometry": { "type": "MultiPoint", "coordinates": [ [ 3.125047915655327, 45.669781014015413 ] ] } },
{ "type": "Feature", "properties": { "LIBELLE": "Patrimoine religieux", "TYPEPSC": "07", "STYPEPSC": "01" }, "geometry": { "type": "MultiPoint", "coordinates": [ [ 3.119557448950064, 45.670195279949361 ] ] } },
{ "type": "Feature", "properties": { "LIBELLE": "Patrimoine religieux", "TYPEPSC": "07", "STYPEPSC": "01" }, "geometry": { "type": "MultiPoint", "coordinates": [ [ 3.127953414551232, 45.675105420688737 ] ] } },
{ "type": "Feature", "properties": { "LIBELLE": "Patrimoine hydraulique", "TYPEPSC": "07", "STYPEPSC": "01" }, "geometry": { "type": "MultiPoint", "coordinates": [ [ 3.123422298750584, 45.667783154254948 ] ] } },
{ "type": "Feature", "properties": { "LIBELLE": "Patrimoine hydraulique", "TYPEPSC": "07", "STYPEPSC": "01" }, "geometry": { "type": "MultiPoint", "coordinates": [ [ 3.243964258375935, 45.710174817796293 ] ] } },
{ "type": "Feature", "properties": { "LIBELLE": "Patrimoine civil", "TYPEPSC": "07", "STYPEPSC": "01" }, "geometry": { "type": "MultiPoint", "coordinates": [ [ 3.329919563292146, 45.6292510354874 ] ] } },
{ "type": "Feature", "properties": { "LIBELLE": "Patrimoine religieux", "TYPEPSC": "07", "STYPEPSC": "01" }, "geometry": { "type": "MultiPoint", "coordinates": [ [ 3.25271354994878, 45.694166402926633 ] ] } },
{ "type": "Feature", "properties": { "LIBELLE": "Patrimoine religieux", "TYPEPSC": "07", "STYPEPSC": "01" }, "geometry": { "type": "MultiPoint", "coordinates": [ [ 3.248280107933636, 45.692969717491216 ] ] } },
{ "type": "Feature", "properties": { "LIBELLE": "Patrimoine religieux", "TYPEPSC": "07", "STYPEPSC": "01" }, "geometry": { "type": "MultiPoint", "coordinates": [ [ 3.251013621202105, 45.691817033224524 ] ] } },
{ "type": "Feature", "properties": { "LIBELLE": "Patrimoine religieux", "TYPEPSC": "07", "STYPEPSC": "01" }, "geometry": { "type": "MultiPoint", "coordinates": [ [ 3.254068810545566, 45.69204984092773 ] ] } },
{ "type": "Feature", "properties": { "LIBELLE": "Patrimoine hydraulique", "TYPEPSC": "07", "STYPEPSC": "01" }, "geometry": { "type": "MultiPoint", "coordinates": [ [ 3.254447205761784, 45.69227831261729 ] ] } },
{ "type": "Feature", "properties": { "LIBELLE": "Patrimoine religieux", "TYPEPSC": "07", "STYPEPSC": "01" }, "geometry": { "type": "MultiPoint", "coordinates": [ [ 3.256589683178811, 45.69212057019768 ] ] } },
{ "type": "Feature", "properties": { "LIBELLE": "Patrimoine religieux", "TYPEPSC": "07", "STYPEPSC": "01" }, "geometry": { "type": "MultiPoint", "coordinates": [ [ 3.25349695050641, 45.690130785722282 ] ] } },
{ "type": "Feature", "properties": { "LIBELLE": "Patrimoine hydraulique", "TYPEPSC": "07", "STYPEPSC": "01" }, "geometry": { "type": "MultiPoint", "coordinates": [ [ 3.253274898396038, 45.690149052508339 ] ] } },
{ "type": "Feature", "properties": { "LIBELLE": "Patrimoine hydraulique", "TYPEPSC": "07", "STYPEPSC": "01" }, "geometry": { "type": "MultiPoint", "coordinates": [ [ 3.284561528619922, 45.643567632931777 ] ] } },
{ "type": "Feature", "properties": { "LIBELLE": "Patrimoine hydraulique", "TYPEPSC": "07", "STYPEPSC": "01" }, "geometry": { "type": "MultiPoint", "coordinates": [ [ 3.183326397015199, 45.630579040991655 ] ] } },
{ "type": "Feature", "properties": { "LIBELLE": "Patrimoine civil", "TYPEPSC": "07", "STYPEPSC": "01" }, "geometry": { "type": "MultiPoint", "coordinates": [ [ 3.184518074633857, 45.632016748607235 ] ] } },
{ "type": "Feature", "properties": { "LIBELLE": "Patrimoine mixte", "TYPEPSC": "07", "STYPEPSC": "01" }, "geometry": { "type": "MultiPoint", "coordinates": [ [ 3.27168020472163, 45.711229383404593 ] ] } },
{ "type": "Feature", "properties": { "LIBELLE": "Patrimoine civil", "TYPEPSC": "07", "STYPEPSC": "01" }, "geometry": { "type": "MultiPoint", "coordinates": [ [ 3.26231072240737, 45.713031899967277 ] ] } },
{ "type": "Feature", "properties": { "LIBELLE": "Patrimoine hydraulique", "TYPEPSC": "07", "STYPEPSC": "01" }, "geometry": { "type": "MultiPoint", "coordinates": [ [ 3.260348896529428, 45.70610531950166 ] ] } },
{ "type": "Feature", "properties": { "LIBELLE": "Patrimoine mixte", "TYPEPSC": "07", "STYPEPSC": "01" }, "geometry": { "type": "MultiPoint", "coordinates": [ [ 3.246157730906222, 45.710665220125797 ] ] } },
{ "type": "Feature", "properties": { "LIBELLE": "Patrimoine religieux", "TYPEPSC": "07", "STYPEPSC": "01" }, "geometry": { "type": "MultiPoint", "coordinates": [ [ 3.242485112596773, 45.710632342352156 ] ] } },
{ "type": "Feature", "properties": { "LIBELLE": "Patrimoine civil", "TYPEPSC": "07", "STYPEPSC": "01" }, "geometry": { "type": "MultiPoint", "coordinates": [ [ 3.242432633577593, 45.709485494455372 ] ] } },
{ "type": "Feature", "properties": { "LIBELLE": "Patrimoine civil", "TYPEPSC": "07", "STYPEPSC": "01" }, "geometry": { "type": "MultiPoint", "coordinates": [ [ 3.240811447505474, 45.708262795253397 ] ] } },
{ "type": "Feature", "properties": { "LIBELLE": "Patrimoine civil", "TYPEPSC": "07", "STYPEPSC": "01" }, "geometry": { "type": "MultiPoint", "coordinates": [ [ 3.240553410527386, 45.708058983856112 ] ] } },
{ "type": "Feature", "properties": { "LIBELLE": "Patrimoine civil", "TYPEPSC": "07", "STYPEPSC": "01" }, "geometry": { "type": "MultiPoint", "coordinates": [ [ 3.234935957351802, 45.598391271483756 ] ] } },
{ "type": "Feature", "properties": { "LIBELLE": "Patrimoine civil", "TYPEPSC": "07", "STYPEPSC": "01" }, "geometry": { "type": "MultiPoint", "coordinates": [ [ 3.224577973125549, 45.603015916675155 ] ] } },
{ "type": "Feature", "properties": { "LIBELLE": "Patrimoine civil", "TYPEPSC": "07", "STYPEPSC": "01" }, "geometry": { "type": "MultiPoint", "coordinates": [ [ 3.255374048844656, 45.613732103945708 ] ] } },
{ "type": "Feature", "properties": { "LIBELLE": "Patrimoine civil", "TYPEPSC": "07", "STYPEPSC": "01" }, "geometry": { "type": "MultiPoint", "coordinates": [ [ 3.256880781461748, 45.615175334663633 ] ] } },
{ "type": "Feature", "properties": { "LIBELLE": "Patrimoine civil", "TYPEPSC": "07", "STYPEPSC": "01" }, "geometry": { "type": "MultiPoint", "coordinates": [ [ 3.256270104424021, 45.614862118840698 ] ] } },
{ "type": "Feature", "properties": { "LIBELLE": "Patrimoine civil", "TYPEPSC": "07", "STYPEPSC": "01" }, "geometry": { "type": "MultiPoint", "coordinates": [ [ 3.256308002951352, 45.615186052244205 ] ] } },
{ "type": "Feature", "properties": { "LIBELLE": "Patrimoine civil", "TYPEPSC": "07", "STYPEPSC": "01" }, "geometry": { "type": "MultiPoint", "coordinates": [ [ 3.2470685164565, 45.617012356396486 ] ] } },
{ "type": "Feature", "properties": { "LIBELLE": "Patrimoine agricole", "TYPEPSC": "07", "STYPEPSC": "01" }, "geometry": { "type": "MultiPoint", "coordinates": [ [ 3.24478522542855, 45.61624292643414 ] ] } },
{ "type": "Feature", "properties": { "LIBELLE": "Patrimoine civil", "TYPEPSC": "07", "STYPEPSC": "01" }, "geometry": { "type": "MultiPoint", "coordinates": [ [ 3.243773406603568, 45.616185965989544 ] ] } },
{ "type": "Feature", "properties": { "LIBELLE": "Patrimoine artisanal et industriel", "TYPEPSC": "07", "STYPEPSC": "01" }, "geometry": { "type": "MultiPoint", "coordinates": [ [ 3.244521869601062, 45.616497167105848 ] ] } },
{ "type": "Feature", "properties": { "LIBELLE": "Patrimoine hydraulique", "TYPEPSC": "07", "STYPEPSC": "01" }, "geometry": { "type": "MultiPoint", "coordinates": [ [ 3.188325161356032, 45.668006743726103 ] ] } },
{ "type": "Feature", "properties": { "LIBELLE": "Patrimoine civil", "TYPEPSC": "07", "STYPEPSC": "01" }, "geometry": { "type": "MultiPoint", "coordinates": [ [ 3.046335412344915, 45.623050585283757 ] ] } },
{ "type": "Feature", "properties": { "LIBELLE": "Patrimoine religieux", "TYPEPSC": "07", "STYPEPSC": "01" }, "geometry": { "type": "MultiPoint", "coordinates": [ [ 3.045059229058952, 45.622592185986321 ] ] } },
{ "type": "Feature", "properties": { "LIBELLE": "Patrimoine religieux", "TYPEPSC": "07", "STYPEPSC": "01" }, "geometry": { "type": "MultiPoint", "coordinates": [ [ 3.116436604168728, 45.632124525225116 ] ] } },
{ "type": "Feature", "properties": { "LIBELLE": "Patrimoine agricole", "TYPEPSC": "07", "STYPEPSC": "01" }, "geometry": { "type": "MultiPoint", "coordinates": [ [ 3.282891524092204, 45.688263078502473 ] ] } },
{ "type": "Feature", "properties": { "LIBELLE": "Patrimoine civil", "TYPEPSC": "07", "STYPEPSC": "01" }, "geometry": { "type": "MultiPoint", "coordinates": [ [ 3.21532907647609, 45.722259368114507 ] ] } },
{ "type": "Feature", "properties": { "LIBELLE": "Patrimoine civil", "TYPEPSC": "07", "STYPEPSC": "01" }, "geometry": { "type": "MultiPoint", "coordinates": [ [ 3.224991468729694, 45.707747116353239 ] ] } },
{ "type": "Feature", "properties": { "LIBELLE": "Patrimoine civil", "TYPEPSC": "07", "STYPEPSC": "01" }, "geometry": { "type": "MultiPoint", "coordinates": [ [ 3.224978126595225, 45.70797153999505 ] ] } },
{ "type": "Feature", "properties": { "LIBELLE": "Patrimoine civil", "TYPEPSC": "07", "STYPEPSC": "01" }, "geometry": { "type": "MultiPoint", "coordinates": [ [ 3.22483642472259, 45.707876776787089 ] ] } },
{ "type": "Feature", "properties": { "LIBELLE": "Patrimoine civil", "TYPEPSC": "07", "STYPEPSC": "01" }, "geometry": { "type": "MultiPoint", "coordinates": [ [ 3.22487502543414, 45.708076520462591 ] ] } },
{ "type": "Feature", "properties": { "LIBELLE": "Patrimoine civil", "TYPEPSC": "07", "STYPEPSC": "01" }, "geometry": { "type": "MultiPoint", "coordinates": [ [ 3.224670124762011, 45.708125602860285 ] ] } },
{ "type": "Feature", "properties": { "LIBELLE": "Patrimoine civil", "TYPEPSC": "07", "STYPEPSC": "01" }, "geometry": { "type": "MultiPoint", "coordinates": [ [ 3.224551736618503, 45.707929848885613 ] ] } },
{ "type": "Feature", "properties": { "LIBELLE": "Patrimoine civil", "TYPEPSC": "07", "STYPEPSC": "01" }, "geometry": { "type": "MultiPoint", "coordinates": [ [ 3.22472029609744, 45.707724704179235 ] ] } },
{ "type": "Feature", "properties": { "LIBELLE": "Patrimoine civil", "TYPEPSC": "07", "STYPEPSC": "01" }, "geometry": { "type": "MultiPoint", "coordinates": [ [ 3.224567515155306, 45.707632587357452 ] ] } },
{ "type": "Feature", "properties": { "LIBELLE": "Patrimoine civil", "TYPEPSC": "07", "STYPEPSC": "01" }, "geometry": { "type": "MultiPoint", "coordinates": [ [ 3.224694352880136, 45.707532168378897 ] ] } },
{ "type": "Feature", "properties": { "LIBELLE": "Patrimoine civil", "TYPEPSC": "07", "STYPEPSC": "01" }, "geometry": { "type": "MultiPoint", "coordinates": [ [ 3.224756352881143, 45.707438311907808 ] ] } },
{ "type": "Feature", "properties": { "LIBELLE": "Patrimoine hydraulique", "TYPEPSC": "07", "STYPEPSC": "01" }, "geometry": { "type": "MultiPoint", "coordinates": [ [ 3.212767257012668, 45.72067481728665 ] ] } },
{ "type": "Feature", "properties": { "LIBELLE": "Patrimoine civil", "TYPEPSC": "07", "STYPEPSC": "01" }, "geometry": { "type": "MultiPoint", "coordinates": [ [ 3.224601731502296, 45.707400215320895 ] ] } },
{ "type": "Feature", "properties": { "LIBELLE": "Patrimoine civil", "TYPEPSC": "07", "STYPEPSC": "01" }, "geometry": { "type": "MultiPoint", "coordinates": [ [ 3.224617063341568, 45.707294830970127 ] ] } },
{ "type": "Feature", "properties": { "LIBELLE": "Patrimoine civil", "TYPEPSC": "07", "STYPEPSC": "01" }, "geometry": { "type": "MultiPoint", "coordinates": [ [ 3.224540787604194, 45.707202207754818 ] ] } },
{ "type": "Feature", "properties": { "LIBELLE": "Patrimoine civil", "TYPEPSC": "07", "STYPEPSC": "01" }, "geometry": { "type": "MultiPoint", "coordinates": [ [ 3.224717628683052, 45.707083504243812 ] ] } },
{ "type": "Feature", "properties": { "LIBELLE": "Patrimoine civil", "TYPEPSC": "07", "STYPEPSC": "01" }, "geometry": { "type": "MultiPoint", "coordinates": [ [ 3.224819765223017, 45.707293320119774 ] ] } },
{ "type": "Feature", "properties": { "LIBELLE": "Patrimoine hydraulique", "TYPEPSC": "07", "STYPEPSC": "01" }, "geometry": { "type": "MultiPoint", "coordinates": [ [ 3.224773936110087, 45.706812689512532 ] ] } },
{ "type": "Feature", "properties": { "LIBELLE": "Patrimoine civil", "TYPEPSC": "07", "STYPEPSC": "01" }, "geometry": { "type": "MultiPoint", "coordinates": [ [ 3.22464764861646, 45.706889955754967 ] ] } },
{ "type": "Feature", "properties": { "LIBELLE": "Patrimoine mixte", "TYPEPSC": "07", "STYPEPSC": "01" }, "geometry": { "type": "MultiPoint", "coordinates": [ [ 3.22466542040327, 45.70693961422419 ] ] } },
{ "type": "Feature", "properties": { "LIBELLE": "Patrimoine religieux", "TYPEPSC": "07", "STYPEPSC": "01" }, "geometry": { "type": "MultiPoint", "coordinates": [ [ 3.224428612619151, 45.706860062904333 ] ] } },
{ "type": "Feature", "properties": { "LIBELLE": "Patrimoine civil", "TYPEPSC": "07", "STYPEPSC": "01" }, "geometry": { "type": "MultiPoint", "coordinates": [ [ 3.224417136814956, 45.706709266831673 ] ] } },
{ "type": "Feature", "properties": { "LIBELLE": "Patrimoine agricole", "TYPEPSC": "07", "STYPEPSC": "01" }, "geometry": { "type": "MultiPoint", "coordinates": [ [ 3.217507594260356, 45.706979587905387 ] ] } },
{ "type": "Feature", "properties": { "LIBELLE": "Patrimoine civil", "TYPEPSC": "07", "STYPEPSC": "01" }, "geometry": { "type": "MultiPoint", "coordinates": [ [ 3.224507681088891, 45.706611371972613 ] ] } },
{ "type": "Feature", "properties": { "LIBELLE": "Patrimoine civil", "TYPEPSC": "07", "STYPEPSC": "01" }, "geometry": { "type": "MultiPoint", "coordinates": [ [ 3.224889798784635, 45.706610220226167 ] ] } },
{ "type": "Feature", "properties": { "LIBELLE": "Patrimoine civil", "TYPEPSC": "07", "STYPEPSC": "01" }, "geometry": { "type": "MultiPoint", "coordinates": [ [ 3.224266440230404, 45.706493511786022 ] ] } },
{ "type": "Feature", "properties": { "LIBELLE": "Patrimoine civil", "TYPEPSC": "07", "STYPEPSC": "01" }, "geometry": { "type": "MultiPoint", "coordinates": [ [ 3.223500819134012, 45.706320203328197 ] ] } },
{ "type": "Feature", "properties": { "LIBELLE": "Patrimoine civil", "TYPEPSC": "07", "STYPEPSC": "01" }, "geometry": { "type": "MultiPoint", "coordinates": [ [ 3.223671531167386, 45.706622828906461 ] ] } },
{ "type": "Feature", "properties": { "LIBELLE": "Patrimoine civil", "TYPEPSC": "07", "STYPEPSC": "01" }, "geometry": { "type": "MultiPoint", "coordinates": [ [ 3.22371976829823, 45.706986560345015 ] ] } },
{ "type": "Feature", "properties": { "LIBELLE": "Patrimoine civil", "TYPEPSC": "07", "STYPEPSC": "01" }, "geometry": { "type": "MultiPoint", "coordinates": [ [ 3.223985283031118, 45.707107000488605 ] ] } },
{ "type": "Feature", "properties": { "LIBELLE": "Patrimoine civil", "TYPEPSC": "07", "STYPEPSC": "01" }, "geometry": { "type": "MultiPoint", "coordinates": [ [ 3.224046724900458, 45.706874286026398 ] ] } },
{ "type": "Feature", "properties": { "LIBELLE": "Patrimoine civil", "TYPEPSC": "07", "STYPEPSC": "01" }, "geometry": { "type": "MultiPoint", "coordinates": [ [ 3.223978019750185, 45.706665324952688 ] ] } },
{ "type": "Feature", "properties": { "LIBELLE": "Patrimoine civil", "TYPEPSC": "07", "STYPEPSC": "01" }, "geometry": { "type": "MultiPoint", "coordinates": [ [ 3.224186479806509, 45.70675248099073 ] ] } },
{ "type": "Feature", "properties": { "LIBELLE": "Patrimoine civil", "TYPEPSC": "07", "STYPEPSC": "01" }, "geometry": { "type": "MultiPoint", "coordinates": [ [ 3.229199786949978, 45.714245988822647 ] ] } },
{ "type": "Feature", "properties": { "LIBELLE": "Patrimoine civil", "TYPEPSC": "07", "STYPEPSC": "01" }, "geometry": { "type": "MultiPoint", "coordinates": [ [ 3.224186777938789, 45.707041939800874 ] ] } },
{ "type": "Feature", "properties": { "LIBELLE": "Patrimoine civil", "TYPEPSC": "07", "STYPEPSC": "01" }, "geometry": { "type": "MultiPoint", "coordinates": [ [ 3.224150478499503, 45.707264526791867 ] ] } },
{ "type": "Feature", "properties": { "LIBELLE": "Patrimoine religieux", "TYPEPSC": "07", "STYPEPSC": "01" }, "geometry": { "type": "MultiPoint", "coordinates": [ [ 3.224389638379903, 45.707381114897451 ] ] } },
{ "type": "Feature", "properties": { "LIBELLE": "Patrimoine civil", "TYPEPSC": "07", "STYPEPSC": "01" }, "geometry": { "type": "MultiPoint", "coordinates": [ [ 3.223561861276075, 45.707143750056666 ] ] } },
{ "type": "Feature", "properties": { "LIBELLE": "Patrimoine civil", "TYPEPSC": "07", "STYPEPSC": "01" }, "geometry": { "type": "MultiPoint", "coordinates": [ [ 3.223280831272476, 45.706936333449484 ] ] } },
{ "type": "Feature", "properties": { "LIBELLE": "Patrimoine civil", "TYPEPSC": "07", "STYPEPSC": "01" }, "geometry": { "type": "MultiPoint", "coordinates": [ [ 3.223522940269206, 45.707382596906889 ] ] } },
{ "type": "Feature", "properties": { "LIBELLE": "Patrimoine civil", "TYPEPSC": "07", "STYPEPSC": "01" }, "geometry": { "type": "MultiPoint", "coordinates": [ [ 3.223706438120321, 45.707634828274827 ] ] } },
{ "type": "Feature", "properties": { "LIBELLE": "Patrimoine civil", "TYPEPSC": "07", "STYPEPSC": "01" }, "geometry": { "type": "MultiPoint", "coordinates": [ [ 3.223994385932396, 45.70756921974008 ] ] } },
{ "type": "Feature", "properties": { "LIBELLE": "Patrimoine civil", "TYPEPSC": "07", "STYPEPSC": "01" }, "geometry": { "type": "MultiPoint", "coordinates": [ [ 3.224303795077509, 45.707514251109309 ] ] } },
{ "type": "Feature", "properties": { "LIBELLE": "Patrimoine civil", "TYPEPSC": "07", "STYPEPSC": "01" }, "geometry": { "type": "MultiPoint", "coordinates": [ [ 3.224327540147475, 45.707579783460709 ] ] } },
{ "type": "Feature", "properties": { "LIBELLE": "Patrimoine religieux", "TYPEPSC": "07", "STYPEPSC": "01" }, "geometry": { "type": "MultiPoint", "coordinates": [ [ 3.22965127681449, 45.713353539496076 ] ] } },
{ "type": "Feature", "properties": { "LIBELLE": "Patrimoine civil", "TYPEPSC": "07", "STYPEPSC": "01" }, "geometry": { "type": "MultiPoint", "coordinates": [ [ 3.224294353588284, 45.707877902804199 ] ] } },
{ "type": "Feature", "properties": { "LIBELLE": "Patrimoine civil", "TYPEPSC": "07", "STYPEPSC": "01" }, "geometry": { "type": "MultiPoint", "coordinates": [ [ 3.224113941554106, 45.707914931607576 ] ] } },
{ "type": "Feature", "properties": { "LIBELLE": "Patrimoine civil", "TYPEPSC": "07", "STYPEPSC": "01" }, "geometry": { "type": "MultiPoint", "coordinates": [ [ 3.223768012220735, 45.7077870219901 ] ] } },
{ "type": "Feature", "properties": { "LIBELLE": "Patrimoine civil", "TYPEPSC": "07", "STYPEPSC": "01" }, "geometry": { "type": "MultiPoint", "coordinates": [ [ 3.223662954891775, 45.708019290506172 ] ] } },
{ "type": "Feature", "properties": { "LIBELLE": "Patrimoine civil", "TYPEPSC": "07", "STYPEPSC": "01" }, "geometry": { "type": "MultiPoint", "coordinates": [ [ 3.224105265697526, 45.708079988672736 ] ] } },
{ "type": "Feature", "properties": { "LIBELLE": "Patrimoine civil", "TYPEPSC": "07", "STYPEPSC": "01" }, "geometry": { "type": "MultiPoint", "coordinates": [ [ 3.224474741054221, 45.707989395580064 ] ] } },
{ "type": "Feature", "properties": { "LIBELLE": "Patrimoine hydraulique", "TYPEPSC": "07", "STYPEPSC": "01" }, "geometry": { "type": "MultiPoint", "coordinates": [ [ 3.22443465839783, 45.707915524532602 ] ] } },
{ "type": "Feature", "properties": { "LIBELLE": "Patrimoine civil", "TYPEPSC": "07", "STYPEPSC": "01" }, "geometry": { "type": "MultiPoint", "coordinates": [ [ 3.224424252381966, 45.708207311048369 ] ] } },
{ "type": "Feature", "properties": { "LIBELLE": "Patrimoine civil", "TYPEPSC": "07", "STYPEPSC": "01" }, "geometry": { "type": "MultiPoint", "coordinates": [ [ 3.224825348468431, 45.708416917284488 ] ] } },
{ "type": "Feature", "properties": { "LIBELLE": "Patrimoine civil", "TYPEPSC": "07", "STYPEPSC": "01" }, "geometry": { "type": "MultiPoint", "coordinates": [ [ 3.225358764509415, 45.708616247687644 ] ] } },
{ "type": "Feature", "properties": { "LIBELLE": "Patrimoine civil", "TYPEPSC": "07", "STYPEPSC": "01" }, "geometry": { "type": "MultiPoint", "coordinates": [ [ 3.226627011721804, 45.706670208870968 ] ] } },
{ "type": "Feature", "properties": { "LIBELLE": "Patrimoine civil", "TYPEPSC": "07", "STYPEPSC": "01" }, "geometry": { "type": "MultiPoint", "coordinates": [ [ 3.223209995818246, 45.706485069078767 ] ] } },
{ "type": "Feature", "properties": { "LIBELLE": "Patrimoine civil", "TYPEPSC": "07", "STYPEPSC": "01" }, "geometry": { "type": "MultiPoint", "coordinates": [ [ 3.224495238868892, 45.708405531283645 ] ] } },
{ "type": "Feature", "properties": { "LIBELLE": "Patrimoine civil", "TYPEPSC": "07", "STYPEPSC": "01" }, "geometry": { "type": "MultiPoint", "coordinates": [ [ 3.223431895399023, 45.706797390267326 ] ] } },
{ "type": "Feature", "properties": { "LIBELLE": "Patrimoine civil", "TYPEPSC": "07", "STYPEPSC": "01" }, "geometry": { "type": "MultiPoint", "coordinates": [ [ 3.22334644993523, 45.707061147769529 ] ] } },
{ "type": "Feature", "properties": { "LIBELLE": "Patrimoine hydraulique", "TYPEPSC": "07", "STYPEPSC": "01" }, "geometry": { "type": "MultiPoint", "coordinates": [ [ 3.224892144689398, 45.706909080988311 ] ] } },
{ "type": "Feature", "properties": { "LIBELLE": "Patrimoine hydraulique", "TYPEPSC": "07", "STYPEPSC": "01" }, "geometry": { "type": "MultiPoint", "coordinates": [ [ 3.223058001308712, 45.706744537999811 ] ] } },
{ "type": "Feature", "properties": { "LIBELLE": "Patrimoine civil", "TYPEPSC": "07", "STYPEPSC": "01" }, "geometry": { "type": "MultiPoint", "coordinates": [ [ 3.227775724034128, 45.710904863720572 ] ] } },
{ "type": "Feature", "properties": { "LIBELLE": "Patrimoine civil", "TYPEPSC": "07", "STYPEPSC": "01" }, "geometry": { "type": "MultiPoint", "coordinates": [ [ 3.22806518912247, 45.710928068502355 ] ] } },
{ "type": "Feature", "properties": { "LIBELLE": "Patrimoine civil", "TYPEPSC": "07", "STYPEPSC": "01" }, "geometry": { "type": "MultiPoint", "coordinates": [ [ 3.227027212039474, 45.710082241523558 ] ] } },
{ "type": "Feature", "properties": { "LIBELLE": "Patrimoine religieux", "TYPEPSC": "07", "STYPEPSC": "01" }, "geometry": { "type": "MultiPoint", "coordinates": [ [ 3.226303570651254, 45.708977113937486 ] ] } },
{ "type": "Feature", "properties": { "LIBELLE": "Patrimoine civil", "TYPEPSC": "07", "STYPEPSC": "01" }, "geometry": { "type": "MultiPoint", "coordinates": [ [ 3.225960146913765, 45.708182944997681 ] ] } },
{ "type": "Feature", "properties": { "LIBELLE": "Patrimoine religieux", "TYPEPSC": "07", "STYPEPSC": "01" }, "geometry": { "type": "MultiPoint", "coordinates": [ [ 3.23213491705477, 45.707823138462913 ] ] } },
{ "type": "Feature", "properties": { "LIBELLE": "Patrimoine mixte", "TYPEPSC": "07", "STYPEPSC": "01" }, "geometry": { "type": "MultiPoint", "coordinates": [ [ 3.224767952484746, 45.712846679725963 ] ] } },
{ "type": "Feature", "properties": { "LIBELLE": "Patrimoine civil", "TYPEPSC": "07", "STYPEPSC": "01" }, "geometry": { "type": "MultiPoint", "coordinates": [ [ 3.226870516411943, 45.710792569265294 ] ] } },
{ "type": "Feature", "properties": { "LIBELLE": "Patrimoine civil", "TYPEPSC": "07", "STYPEPSC": "01" }, "geometry": { "type": "MultiPoint", "coordinates": [ [ 3.226716823668495, 45.710493493458607 ] ] } },
{ "type": "Feature", "properties": { "LIBELLE": "Patrimoine civil", "TYPEPSC": "07", "STYPEPSC": "01" }, "geometry": { "type": "MultiPoint", "coordinates": [ [ 3.227607318385326, 45.711173622426337 ] ] } },
{ "type": "Feature", "properties": { "LIBELLE": "Patrimoine civil", "TYPEPSC": "07", "STYPEPSC": "01" }, "geometry": { "type": "MultiPoint", "coordinates": [ [ 3.226601214848715, 45.710367100517828 ] ] } },
{ "type": "Feature", "properties": { "LIBELLE": "Patrimoine civil", "TYPEPSC": "07", "STYPEPSC": "01" }, "geometry": { "type": "MultiPoint", "coordinates": [ [ 3.225580045143762, 45.709840683997186 ] ] } },
{ "type": "Feature", "properties": { "LIBELLE": "Patrimoine civil", "TYPEPSC": "07", "STYPEPSC": "01" }, "geometry": { "type": "MultiPoint", "coordinates": [ [ 3.226993425095322, 45.711120671424311 ] ] } },
{ "type": "Feature", "properties": { "LIBELLE": "Patrimoine civil", "TYPEPSC": "07", "STYPEPSC": "01" }, "geometry": { "type": "MultiPoint", "coordinates": [ [ 3.225272815950768, 45.708419970672871 ] ] } },
{ "type": "Feature", "properties": { "LIBELLE": "Patrimoine civil", "TYPEPSC": "07", "STYPEPSC": "01" }, "geometry": { "type": "MultiPoint", "coordinates": [ [ 3.225182789833296, 45.707814267973077 ] ] } },
{ "type": "Feature", "properties": { "LIBELLE": "Patrimoine hydraulique", "TYPEPSC": "07", "STYPEPSC": "01" }, "geometry": { "type": "MultiPoint", "coordinates": [ [ 3.377472935248591, 45.624816438739231 ] ] } },
{ "type": "Feature", "properties": { "LIBELLE": "Patrimoine agricole", "TYPEPSC": "07", "STYPEPSC": "01" }, "geometry": { "type": "MultiPoint", "coordinates": [ [ 3.12553201480313, 45.670610329194332 ] ] } },
{ "type": "Feature", "properties": { "LIBELLE": "Patrimoine civil", "TYPEPSC": "07", "STYPEPSC": "01" }, "geometry": { "type": "MultiPoint", "coordinates": [ [ 3.126006588169125, 45.670395287348164 ] ] } },
{ "type": "Feature", "properties": { "LIBELLE": "Patrimoine mixte", "TYPEPSC": "07", "STYPEPSC": "01" }, "geometry": { "type": "MultiPoint", "coordinates": [ [ 3.128904886119686, 45.671961331634058 ] ] } },
{ "type": "Feature", "properties": { "LIBELLE": "Patrimoine civil", "TYPEPSC": "07", "STYPEPSC": "01" }, "geometry": { "type": "MultiPoint", "coordinates": [ [ 3.10189742671623, 45.693795420896755 ] ] } },
{ "type": "Feature", "properties": { "LIBELLE": "Patrimoine hydraulique", "TYPEPSC": "07", "STYPEPSC": "01" }, "geometry": { "type": "MultiPoint", "coordinates": [ [ 3.235977930687956, 45.670709937106288 ] ] } },
{ "type": "Feature", "properties": { "LIBELLE": "Patrimoine hydraulique", "TYPEPSC": "07", "STYPEPSC": "01" }, "geometry": { "type": "MultiPoint", "coordinates": [ [ 3.23800909075049, 45.671276728597476 ] ] } },
{ "type": "Feature", "properties": { "LIBELLE": "Patrimoine hydraulique", "TYPEPSC": "07", "STYPEPSC": "01" }, "geometry": { "type": "MultiPoint", "coordinates": [ [ 3.240157896142495, 45.671904631271261 ] ] } },
{ "type": "Feature", "properties": { "LIBELLE": "Patrimoine hydraulique", "TYPEPSC": "07", "STYPEPSC": "01" }, "geometry": { "type": "MultiPoint", "coordinates": [ [ 3.222222992179135, 45.668384129650704 ] ] } },
{ "type": "Feature", "properties": { "LIBELLE": "Patrimoine hydraulique", "TYPEPSC": "07", "STYPEPSC": "01" }, "geometry": { "type": "MultiPoint", "coordinates": [ [ 3.222188155067347, 45.667945371375509 ] ] } },
{ "type": "Feature", "properties": { "LIBELLE": "Patrimoine hydraulique", "TYPEPSC": "07", "STYPEPSC": "01" }, "geometry": { "type": "MultiPoint", "coordinates": [ [ 3.222743979623293, 45.668085506131071 ] ] } },
{ "type": "Feature", "properties": { "LIBELLE": "Patrimoine hydraulique", "TYPEPSC": "07", "STYPEPSC": "01" }, "geometry": { "type": "MultiPoint", "coordinates": [ [ 3.221804931811267, 45.667878191538918 ] ] } },
{ "type": "Feature", "properties": { "LIBELLE": "Patrimoine hydraulique", "TYPEPSC": "07", "STYPEPSC": "01" }, "geometry": { "type": "MultiPoint", "coordinates": [ [ 3.222066800303788, 45.667714899512099 ] ] } },
{ "type": "Feature", "properties": { "LIBELLE": "Patrimoine hydraulique", "TYPEPSC": "07", "STYPEPSC": "01" }, "geometry": { "type": "MultiPoint", "coordinates": [ [ 3.222364329256391, 45.6675626153433 ] ] } },
{ "type": "Feature", "properties": { "LIBELLE": "Patrimoine géologique", "TYPEPSC": "07", "STYPEPSC": "01" }, "geometry": { "type": "MultiPoint", "coordinates": [ [ 3.088591675251716, 45.661470721159361 ] ] } },
{ "type": "Feature", "properties": { "LIBELLE": "Patrimoine hydraulique", "TYPEPSC": "07", "STYPEPSC": "01" }, "geometry": { "type": "MultiPoint", "coordinates": [ [ 3.074540512694666, 45.695264097017478 ] ] } },
{ "type": "Feature", "properties": { "LIBELLE": "Patrimoine hydraulique", "TYPEPSC": "07", "STYPEPSC": "01" }, "geometry": { "type": "MultiPoint", "coordinates": [ [ 3.094417592651048, 45.691664238167228 ] ] } },
{ "type": "Feature", "properties": { "LIBELLE": "Patrimoine hydraulique", "TYPEPSC": "07", "STYPEPSC": "01" }, "geometry": { "type": "MultiPoint", "coordinates": [ [ 3.107293263637077, 45.706690494338154 ] ] } },
{ "type": "Feature", "properties": { "LIBELLE": "Patrimoine artisanal et industriel", "TYPEPSC": "07", "STYPEPSC": "01" }, "geometry": { "type": "MultiPoint", "coordinates": [ [ 3.111236921313438, 45.702029197005395 ] ] } },
{ "type": "Feature", "properties": { "LIBELLE": "Patrimoine géologique", "TYPEPSC": "07", "STYPEPSC": "01" }, "geometry": { "type": "MultiPoint", "coordinates": [ [ 3.111420960272597, 45.704356854412637 ] ] } },
{ "type": "Feature", "properties": { "LIBELLE": "Patrimoine géologique", "TYPEPSC": "07", "STYPEPSC": "01" }, "geometry": { "type": "MultiPoint", "coordinates": [ [ 3.113478699869798, 45.701832840061996 ] ] } },
{ "type": "Feature", "properties": { "LIBELLE": "Patrimoine agricole", "TYPEPSC": "07", "STYPEPSC": "01" }, "geometry": { "type": "MultiPoint", "coordinates": [ [ 3.127035, 45.689304 ] ] } },
{ "type": "Feature", "properties": { "LIBELLE": "Patrimoine agricole", "TYPEPSC": "07", "STYPEPSC": "01" }, "geometry": { "type": "MultiPoint", "coordinates": [ [ 3.129604, 45.689652 ] ] } },
{ "type": "Feature", "properties": { "LIBELLE": "Patrimoine agricole", "TYPEPSC": "07", "STYPEPSC": "01" }, "geometry": { "type": "MultiPoint", "coordinates": [ [ 3.127284, 45.691076 ] ] } },
{ "type": "Feature", "properties": { "LIBELLE": "Patrimoine agricole", "TYPEPSC": "07", "STYPEPSC": "01" }, "geometry": { "type": "MultiPoint", "coordinates": [ [ 3.136883818280789, 45.687724756656465 ] ] } },
{ "type": "Feature", "properties": { "LIBELLE": "Patrimoine agricole", "TYPEPSC": "07", "STYPEPSC": "01" }, "geometry": { "type": "MultiPoint", "coordinates": [ [ 3.111867, 45.690548 ] ] } },
{ "type": "Feature", "properties": { "LIBELLE": "Patrimoine religieux", "TYPEPSC": "07", "STYPEPSC": "01" }, "geometry": { "type": "MultiPoint", "coordinates": [ [ 3.136047, 45.704844 ] ] } },
{ "type": "Feature", "properties": { "LIBELLE": "Patrimoine religieux", "TYPEPSC": "07", "STYPEPSC": "01" }, "geometry": { "type": "MultiPoint", "coordinates": [ [ 3.157668, 45.679577 ] ] } },
{ "type": "Feature", "properties": { "LIBELLE": "Patrimoine religieux", "TYPEPSC": "07", "STYPEPSC": "01" }, "geometry": { "type": "MultiPoint", "coordinates": [ [ 3.160232, 45.677371 ] ] } },
{ "type": "Feature", "properties": { "LIBELLE": "Patrimoine hydraulique", "TYPEPSC": "07", "STYPEPSC": "01" }, "geometry": { "type": "MultiPoint", "coordinates": [ [ 3.183838, 45.630211 ] ] } },
{ "type": "Feature", "properties": { "LIBELLE": "Patrimoine hydraulique", "TYPEPSC": "07", "STYPEPSC": "01" }, "geometry": { "type": "MultiPoint", "coordinates": [ [ 3.186357, 45.633171 ] ] } },
{ "type": "Feature", "properties": { "LIBELLE": "Patrimoine hydraulique", "TYPEPSC": "07", "STYPEPSC": "01" }, "geometry": { "type": "MultiPoint", "coordinates": [ [ 3.18762, 45.63298 ] ] } },
{ "type": "Feature", "properties": { "LIBELLE": "Patrimoine religieux", "TYPEPSC": "07", "STYPEPSC": "01" }, "geometry": { "type": "MultiPoint", "coordinates": [ [ 3.183278, 45.635452 ] ] } },
{ "type": "Feature", "properties": { "LIBELLE": "Patrimoine religieux", "TYPEPSC": "07", "STYPEPSC": "01" }, "geometry": { "type": "MultiPoint", "coordinates": [ [ 3.193615, 45.63361 ] ] } },
{ "type": "Feature", "properties": { "LIBELLE": "Patrimoine agricole", "TYPEPSC": "07", "STYPEPSC": "01" }, "geometry": { "type": "MultiPoint", "coordinates": [ [ 3.193907, 45.639683 ] ] } },
{ "type": "Feature", "properties": { "LIBELLE": "Patrimoine agricole", "TYPEPSC": "07", "STYPEPSC": "01" }, "geometry": { "type": "MultiPoint", "coordinates": [ [ 3.208027, 45.636759 ] ] } },
{ "type": "Feature", "properties": { "LIBELLE": "Patrimoine agricole", "TYPEPSC": "07", "STYPEPSC": "01" }, "geometry": { "type": "MultiPoint", "coordinates": [ [ 3.207251, 45.638479 ] ] } },
{ "type": "Feature", "properties": { "LIBELLE": "Patrimoine artisanal et industriel", "TYPEPSC": "07", "STYPEPSC": "01" }, "geometry": { "type": "MultiPoint", "coordinates": [ [ 3.251929, 45.603016 ] ] } },
{ "type": "Feature", "properties": { "LIBELLE": "Patrimoine religieux", "TYPEPSC": "07", "STYPEPSC": "01" }, "geometry": { "type": "MultiPoint", "coordinates": [ [ 3.195444, 45.669451 ] ] } },
{ "type": "Feature", "properties": { "LIBELLE": "Patrimoine hydraulique", "TYPEPSC": "07", "STYPEPSC": "01" }, "geometry": { "type": "MultiPoint", "coordinates": [ [ 3.225541, 45.692982 ] ] } },
{ "type": "Feature", "properties": { "LIBELLE": "Patrimoine artisanal et industriel", "TYPEPSC": "07", "STYPEPSC": "01" }, "geometry": { "type": "MultiPoint", "coordinates": [ [ 3.159951, 45.667841 ] ] } },
{ "type": "Feature", "properties": { "LIBELLE": "Patrimoine religieux", "TYPEPSC": "07", "STYPEPSC": "01" }, "geometry": { "type": "MultiPoint", "coordinates": [ [ 3.164368, 45.678839 ] ] } },
{ "type": "Feature", "properties": { "LIBELLE": "Patrimoine civil", "TYPEPSC": "07", "STYPEPSC": "01" }, "geometry": { "type": "MultiPoint", "coordinates": [ [ 3.157255, 45.677377 ] ] } },
{ "type": "Feature", "properties": { "LIBELLE": "Patrimoine religieux", "TYPEPSC": "07", "STYPEPSC": "01" }, "geometry": { "type": "MultiPoint", "coordinates": [ [ 3.158014, 45.677386 ] ] } },
{ "type": "Feature", "properties": { "LIBELLE": "Patrimoine religieux", "TYPEPSC": "07", "STYPEPSC": "01" }, "geometry": { "type": "MultiPoint", "coordinates": [ [ 3.158634, 45.677075 ] ] } },
{ "type": "Feature", "properties": { "LIBELLE": "Patrimoine civil", "TYPEPSC": "07", "STYPEPSC": "01" }, "geometry": { "type": "MultiPoint", "coordinates": [ [ 3.159358, 45.676635 ] ] } },
{ "type": "Feature", "properties": { "LIBELLE": "Patrimoine hydraulique", "TYPEPSC": "07", "STYPEPSC": "01" }, "geometry": { "type": "MultiPoint", "coordinates": [ [ 3.159275, 45.676554 ] ] } },
{ "type": "Feature", "properties": { "LIBELLE": "Patrimoine religieux", "TYPEPSC": "07", "STYPEPSC": "01" }, "geometry": { "type": "MultiPoint", "coordinates": [ [ 3.158344, 45.676363 ] ] } },
{ "type": "Feature", "properties": { "LIBELLE": "Patrimoine mixte", "TYPEPSC": "07", "STYPEPSC": "01" }, "geometry": { "type": "MultiPoint", "coordinates": [ [ 3.158261, 45.676337 ] ] } },
{ "type": "Feature", "properties": { "LIBELLE": "Patrimoine religieux", "TYPEPSC": "07", "STYPEPSC": "01" }, "geometry": { "type": "MultiPoint", "coordinates": [ [ 3.172278, 45.673308 ] ] } },
{ "type": "Feature", "properties": { "LIBELLE": "Patrimoine religieux", "TYPEPSC": "07", "STYPEPSC": "01" }, "geometry": { "type": "MultiPoint", "coordinates": [ [ 3.172361699982688, 45.673473274349874 ] ] } },
{ "type": "Feature", "properties": { "LIBELLE": "Patrimoine artisanal et industriel", "TYPEPSC": "07", "STYPEPSC": "01" }, "geometry": { "type": "MultiPoint", "coordinates": [ [ 3.176108, 45.673734 ] ] } },
{ "type": "Feature", "properties": { "LIBELLE": "Patrimoine religieux", "TYPEPSC": "07", "STYPEPSC": "01" }, "geometry": { "type": "MultiPoint", "coordinates": [ [ 3.181765, 45.669593 ] ] } },
{ "type": "Feature", "properties": { "LIBELLE": "Patrimoine hydraulique", "TYPEPSC": "07", "STYPEPSC": "01" }, "geometry": { "type": "MultiPoint", "coordinates": [ [ 3.181129, 45.667593 ] ] } },
{ "type": "Feature", "properties": { "LIBELLE": "Patrimoine hydraulique", "TYPEPSC": "07", "STYPEPSC": "01" }, "geometry": { "type": "MultiPoint", "coordinates": [ [ 3.181379, 45.666951 ] ] } },
{ "type": "Feature", "properties": { "LIBELLE": "Patrimoine religieux", "TYPEPSC": "07", "STYPEPSC": "01" }, "geometry": { "type": "MultiPoint", "coordinates": [ [ 3.181261, 45.66582 ] ] } },
{ "type": "Feature", "properties": { "LIBELLE": "Patrimoine religieux", "TYPEPSC": "07", "STYPEPSC": "01" }, "geometry": { "type": "MultiPoint", "coordinates": [ [ 3.178855, 45.664951 ] ] } },
{ "type": "Feature", "properties": { "LIBELLE": "Patrimoine hydraulique", "TYPEPSC": "07", "STYPEPSC": "01" }, "geometry": { "type": "MultiPoint", "coordinates": [ [ 3.081661856209911, 45.674921487041168 ] ] } },
{ "type": "Feature", "properties": { "LIBELLE": "Patrimoine hydraulique", "TYPEPSC": "07", "STYPEPSC": "01" }, "geometry": { "type": "MultiPoint", "coordinates": [ [ 3.081654158745659, 45.674896684288697 ] ] } },
{ "type": "Feature", "properties": { "LIBELLE": "Patrimoine religieux", "TYPEPSC": "07", "STYPEPSC": "01" }, "geometry": { "type": "MultiPoint", "coordinates": [ [ 3.081686847943078, 45.67493548945469 ] ] } },
{ "type": "Feature", "properties": { "LIBELLE": "Patrimoine hydraulique", "TYPEPSC": "07", "STYPEPSC": "01" }, "geometry": { "type": "MultiPoint", "coordinates": [ [ 3.082065348671493, 45.674472878855298 ] ] } },
{ "type": "Feature", "properties": { "LIBELLE": "Patrimoine religieux", "TYPEPSC": "07", "STYPEPSC": "01" }, "geometry": { "type": "MultiPoint", "coordinates": [ [ 3.06875311928135, 45.676088137327433 ] ] } },
{ "type": "Feature", "properties": { "LIBELLE": "Patrimoine religieux", "TYPEPSC": "07", "STYPEPSC": "01" }, "geometry": { "type": "MultiPoint", "coordinates": [ [ 3.075526195543645, 45.675518889971457 ] ] } },
{ "type": "Feature", "properties": { "LIBELLE": "Patrimoine agricole", "TYPEPSC": "07", "STYPEPSC": "01" }, "geometry": { "type": "MultiPoint", "coordinates": [ [ 3.075447194365353, 45.675488893766669 ] ] } },
{ "type": "Feature", "properties": { "LIBELLE": "Patrimoine religieux", "TYPEPSC": "07", "STYPEPSC": "01" }, "geometry": { "type": "MultiPoint", "coordinates": [ [ 3.085587493309168, 45.674520117416336 ] ] } },
{ "type": "Feature", "properties": { "LIBELLE": "Patrimoine religieux", "TYPEPSC": "07", "STYPEPSC": "01" }, "geometry": { "type": "MultiPoint", "coordinates": [ [ 3.083500644752436, 45.674685175642857 ] ] } },
{ "type": "Feature", "properties": { "LIBELLE": "Patrimoine hydraulique", "TYPEPSC": "07", "STYPEPSC": "01" }, "geometry": { "type": "MultiPoint", "coordinates": [ [ 3.078738654215428, 45.674163487968592 ] ] } },
{ "type": "Feature", "properties": { "LIBELLE": "Patrimoine religieux", "TYPEPSC": "07", "STYPEPSC": "01" }, "geometry": { "type": "MultiPoint", "coordinates": [ [ 3.08219100244261, 45.675397998483326 ] ] } },
{ "type": "Feature", "properties": { "LIBELLE": "Patrimoine religieux", "TYPEPSC": "07", "STYPEPSC": "01" }, "geometry": { "type": "MultiPoint", "coordinates": [ [ 3.083463650739793, 45.668222512416477 ] ] } },
{ "type": "Feature", "properties": { "LIBELLE": "Patrimoine hydraulique", "TYPEPSC": "07", "STYPEPSC": "01" }, "geometry": { "type": "MultiPoint", "coordinates": [ [ 3.075482197319353, 45.675497893164696 ] ] } },
{ "type": "Feature", "properties": { "LIBELLE": "Patrimoine hydraulique", "TYPEPSC": "07", "STYPEPSC": "01" }, "geometry": { "type": "MultiPoint", "coordinates": [ [ 3.082650776905482, 45.67465877893823 ] ] } },
{ "type": "Feature", "properties": { "LIBELLE": "Patrimoine hydraulique", "TYPEPSC": "07", "STYPEPSC": "01" }, "geometry": { "type": "MultiPoint", "coordinates": [ [ 3.08128969330795, 45.674298567337424 ] ] } },
{ "type": "Feature", "properties": { "LIBELLE": "Patrimoine hydraulique", "TYPEPSC": "07", "STYPEPSC": "01" }, "geometry": { "type": "MultiPoint", "coordinates": [ [ 3.080302480666509, 45.674046590697621 ] ] } },
{ "type": "Feature", "properties": { "LIBELLE": "Patrimoine hydraulique", "TYPEPSC": "07", "STYPEPSC": "01" }, "geometry": { "type": "MultiPoint", "coordinates": [ [ 3.078033620260666, 45.674418536399713 ] ] } },
{ "type": "Feature", "properties": { "LIBELLE": "Patrimoine hydraulique", "TYPEPSC": "07", "STYPEPSC": "01" }, "geometry": { "type": "MultiPoint", "coordinates": [ [ 3.079913822728624, 45.674363936493862 ] ] } },
{ "type": "Feature", "properties": { "LIBELLE": "Patrimoine religieux", "TYPEPSC": "07", "STYPEPSC": "01" }, "geometry": { "type": "MultiPoint", "coordinates": [ [ 3.037744022033896, 45.64742689161023 ] ] } },
{ "type": "Feature", "properties": { "LIBELLE": "Patrimoine hydraulique", "TYPEPSC": "07", "STYPEPSC": "01" }, "geometry": { "type": "MultiPoint", "coordinates": [ [ 3.080994005701392, 45.674980995970728 ] ] } },
{ "type": "Feature", "properties": { "LIBELLE": "Patrimoine hydraulique", "TYPEPSC": "07", "STYPEPSC": "01" }, "geometry": { "type": "MultiPoint", "coordinates": [ [ 3.082878193089454, 45.675385914730562 ] ] } },
{ "type": "Feature", "properties": { "LIBELLE": "Patrimoine religieux", "TYPEPSC": "07", "STYPEPSC": "01" }, "geometry": { "type": "MultiPoint", "coordinates": [ [ 3.083992386107252, 45.658548697195187 ] ] } },
{ "type": "Feature", "properties": { "LIBELLE": "Patrimoine religieux", "TYPEPSC": "07", "STYPEPSC": "01" }, "geometry": { "type": "MultiPoint", "coordinates": [ [ 3.093488784199862, 45.660251815839743 ] ] } },
{ "type": "Feature", "properties": { "LIBELLE": "Patrimoine hydraulique", "TYPEPSC": "07", "STYPEPSC": "01" }, "geometry": { "type": "MultiPoint", "coordinates": [ [ 3.091176461427957, 45.656981798271545 ] ] } },
{ "type": "Feature", "properties": { "LIBELLE": "Patrimoine hydraulique", "TYPEPSC": "07", "STYPEPSC": "01" }, "geometry": { "type": "MultiPoint", "coordinates": [ [ 3.093694409766566, 45.657598777187872 ] ] } },
{ "type": "Feature", "properties": { "LIBELLE": "Patrimoine hydraulique", "TYPEPSC": "07", "STYPEPSC": "01" }, "geometry": { "type": "MultiPoint", "coordinates": [ [ 3.094052662923256, 45.659607960179692 ] ] } },
{ "type": "Feature", "properties": { "LIBELLE": "Patrimoine civil", "TYPEPSC": "07", "STYPEPSC": "01" }, "geometry": { "type": "MultiPoint", "coordinates": [ [ 3.094022060564518, 45.659871476066385 ] ] } },
{ "type": "Feature", "properties": { "LIBELLE": "Patrimoine religieux", "TYPEPSC": "07", "STYPEPSC": "01" }, "geometry": { "type": "MultiPoint", "coordinates": [ [ 3.089676175883711, 45.657721570052949 ] ] } },
{ "type": "Feature", "properties": { "LIBELLE": "Patrimoine civil", "TYPEPSC": "07", "STYPEPSC": "01" }, "geometry": { "type": "MultiPoint", "coordinates": [ [ 3.089756993876918, 45.657549999709843 ] ] } },
{ "type": "Feature", "properties": { "LIBELLE": "Patrimoine religieux", "TYPEPSC": "07", "STYPEPSC": "01" }, "geometry": { "type": "MultiPoint", "coordinates": [ [ 3.087352956177746, 45.657044000061433 ] ] } },
{ "type": "Feature", "properties": { "LIBELLE": "Patrimoine religieux", "TYPEPSC": "07", "STYPEPSC": "01" }, "geometry": { "type": "MultiPoint", "coordinates": [ [ 3.090896997726788, 45.659398001670681 ] ] } },
{ "type": "Feature", "properties": { "LIBELLE": "Patrimoine religieux", "TYPEPSC": "07", "STYPEPSC": "01" }, "geometry": { "type": "MultiPoint", "coordinates": [ [ 3.079545000268294, 45.659953996390094 ] ] } },
{ "type": "Feature", "properties": { "LIBELLE": "Patrimoine agricole", "TYPEPSC": "07", "STYPEPSC": "01" }, "geometry": { "type": "MultiPoint", "coordinates": [ [ 3.092236386865384, 45.660145691151442 ] ] } },
{ "type": "Feature", "properties": { "LIBELLE": "Patrimoine hydraulique", "TYPEPSC": "07", "STYPEPSC": "01" }, "geometry": { "type": "MultiPoint", "coordinates": [ [ 3.092272483153896, 45.660113703437617 ] ] } },
{ "type": "Feature", "properties": { "LIBELLE": "Patrimoine religieux", "TYPEPSC": "07", "STYPEPSC": "01" }, "geometry": { "type": "MultiPoint", "coordinates": [ [ 3.09235411382996, 45.660001715486494 ] ] } },
{ "type": "Feature", "properties": { "LIBELLE": "Patrimoine civil", "TYPEPSC": "07", "STYPEPSC": "01" }, "geometry": { "type": "MultiPoint", "coordinates": [ [ 3.092380348139734, 45.66002783498913 ] ] } },
{ "type": "Feature", "properties": { "LIBELLE": "Patrimoine artisanal et industriel", "TYPEPSC": "07", "STYPEPSC": "01" }, "geometry": { "type": "MultiPoint", "coordinates": [ [ 3.081744138234146, 45.6747306688384 ] ] } },
{ "type": "Feature", "properties": { "LIBELLE": "Patrimoine hydraulique", "TYPEPSC": "07", "STYPEPSC": "01" }, "geometry": { "type": "MultiPoint", "coordinates": [ [ 3.07484386156085, 45.675727024025988 ] ] } },
{ "type": "Feature", "properties": { "LIBELLE": "Patrimoine religieux", "TYPEPSC": "07", "STYPEPSC": "01" }, "geometry": { "type": "MultiPoint", "coordinates": [ [ 3.039884764244501, 45.650916033307311 ] ] } },
{ "type": "Feature", "properties": { "LIBELLE": "Patrimoine civil", "TYPEPSC": "07", "STYPEPSC": "01" }, "geometry": { "type": "MultiPoint", "coordinates": [ [ 3.03751609995923, 45.647414108915768 ] ] } },
{ "type": "Feature", "properties": { "LIBELLE": "Patrimoine hydraulique", "TYPEPSC": "07", "STYPEPSC": "01" }, "geometry": { "type": "MultiPoint", "coordinates": [ [ 3.044384244315677, 45.634051074633589 ] ] } },
{ "type": "Feature", "properties": { "LIBELLE": "Patrimoine religieux", "TYPEPSC": "07", "STYPEPSC": "01" }, "geometry": { "type": "MultiPoint", "coordinates": [ [ 3.034991010093339, 45.647903037055613 ] ] } },
{ "type": "Feature", "properties": { "LIBELLE": "Patrimoine religieux", "TYPEPSC": "07", "STYPEPSC": "01" }, "geometry": { "type": "MultiPoint", "coordinates": [ [ 3.032694478443353, 45.647228069106355 ] ] } },
{ "type": "Feature", "properties": { "LIBELLE": "Patrimoine religieux", "TYPEPSC": "07", "STYPEPSC": "01" }, "geometry": { "type": "MultiPoint", "coordinates": [ [ 3.034707379167058, 45.646885256577924 ] ] } },
{ "type": "Feature", "properties": { "LIBELLE": "Patrimoine mixte", "TYPEPSC": "07", "STYPEPSC": "01" }, "geometry": { "type": "MultiPoint", "coordinates": [ [ 3.034829817600749, 45.646899032150856 ] ] } },
{ "type": "Feature", "properties": { "LIBELLE": "Patrimoine religieux", "TYPEPSC": "07", "STYPEPSC": "01" }, "geometry": { "type": "MultiPoint", "coordinates": [ [ 3.031027442797542, 45.647655270054273 ] ] } },
{ "type": "Feature", "properties": { "LIBELLE": "Patrimoine religieux", "TYPEPSC": "07", "STYPEPSC": "01" }, "geometry": { "type": "MultiPoint", "coordinates": [ [ 3.028393056684856, 45.646766064455562 ] ] } },
{ "type": "Feature", "properties": { "LIBELLE": "Patrimoine religieux", "TYPEPSC": "07", "STYPEPSC": "01" }, "geometry": { "type": "MultiPoint", "coordinates": [ [ 3.036491381879383, 45.644889423792563 ] ] } },
{ "type": "Feature", "properties": { "LIBELLE": "Patrimoine hydraulique", "TYPEPSC": "07", "STYPEPSC": "01" }, "geometry": { "type": "MultiPoint", "coordinates": [ [ 3.030177745056633, 45.645448520121349 ] ] } },
{ "type": "Feature", "properties": { "LIBELLE": "Patrimoine hydraulique", "TYPEPSC": "07", "STYPEPSC": "01" }, "geometry": { "type": "MultiPoint", "coordinates": [ [ 3.030269937367075, 45.645563720962215 ] ] } },
{ "type": "Feature", "properties": { "LIBELLE": "Patrimoine religieux", "TYPEPSC": "07", "STYPEPSC": "01" }, "geometry": { "type": "MultiPoint", "coordinates": [ [ 3.029318349582904, 45.640848630278889 ] ] } },
{ "type": "Feature", "properties": { "LIBELLE": "Patrimoine religieux", "TYPEPSC": "07", "STYPEPSC": "01" }, "geometry": { "type": "MultiPoint", "coordinates": [ [ 3.030879884516172, 45.638912530023376 ] ] } },
{ "type": "Feature", "properties": { "LIBELLE": "Patrimoine religieux", "TYPEPSC": "07", "STYPEPSC": "01" }, "geometry": { "type": "MultiPoint", "coordinates": [ [ 3.02614256861503, 45.638489738546198 ] ] } },
{ "type": "Feature", "properties": { "LIBELLE": "Patrimoine hydraulique", "TYPEPSC": "07", "STYPEPSC": "01" }, "geometry": { "type": "MultiPoint", "coordinates": [ [ 3.021437459573775, 45.634943712854565 ] ] } },
{ "type": "Feature", "properties": { "LIBELLE": "Patrimoine mixte", "TYPEPSC": "07", "STYPEPSC": "01" }, "geometry": { "type": "MultiPoint", "coordinates": [ [ 3.021309998572318, 45.634953003002273 ] ] } },
{ "type": "Feature", "properties": { "LIBELLE": "Patrimoine religieux", "TYPEPSC": "07", "STYPEPSC": "01" }, "geometry": { "type": "MultiPoint", "coordinates": [ [ 3.021089991351804, 45.63519045611487 ] ] } },
{ "type": "Feature", "properties": { "LIBELLE": "Patrimoine hydraulique", "TYPEPSC": "07", "STYPEPSC": "01" }, "geometry": { "type": "MultiPoint", "coordinates": [ [ 3.020321352969598, 45.635003423641095 ] ] } },
{ "type": "Feature", "properties": { "LIBELLE": "Patrimoine hydraulique", "TYPEPSC": "07", "STYPEPSC": "01" }, "geometry": { "type": "MultiPoint", "coordinates": [ [ 3.020623072038491, 45.634562331453822 ] ] } },
{ "type": "Feature", "properties": { "LIBELLE": "Patrimoine religieux", "TYPEPSC": "07", "STYPEPSC": "01" }, "geometry": { "type": "MultiPoint", "coordinates": [ [ 3.017161433843729, 45.634713121617509 ] ] } },
{ "type": "Feature", "properties": { "LIBELLE": "Patrimoine religieux", "TYPEPSC": "07", "STYPEPSC": "01" }, "geometry": { "type": "MultiPoint", "coordinates": [ [ 3.019709000964923, 45.636364996029279 ] ] } },
{ "type": "Feature", "properties": { "LIBELLE": "Patrimoine religieux", "TYPEPSC": "07", "STYPEPSC": "01" }, "geometry": { "type": "MultiPoint", "coordinates": [ [ 3.02130677040902, 45.632867464060666 ] ] } },
{ "type": "Feature", "properties": { "LIBELLE": "Patrimoine hydraulique", "TYPEPSC": "07", "STYPEPSC": "01" }, "geometry": { "type": "MultiPoint", "coordinates": [ [ 3.017081497666577, 45.627105400541154 ] ] } },
{ "type": "Feature", "properties": { "LIBELLE": "Patrimoine religieux", "TYPEPSC": "07", "STYPEPSC": "01" }, "geometry": { "type": "MultiPoint", "coordinates": [ [ 3.072133182161215, 45.644600598344745 ] ] } },
{ "type": "Feature", "properties": { "LIBELLE": "Patrimoine religieux", "TYPEPSC": "07", "STYPEPSC": "01" }, "geometry": { "type": "MultiPoint", "coordinates": [ [ 3.067000098339014, 45.645250325081783 ] ] } },
{ "type": "Feature", "properties": { "LIBELLE": "Patrimoine religieux", "TYPEPSC": "07", "STYPEPSC": "01" }, "geometry": { "type": "MultiPoint", "coordinates": [ [ 3.06637447373711, 45.642828787728838 ] ] } },
{ "type": "Feature", "properties": { "LIBELLE": "Patrimoine hydraulique", "TYPEPSC": "07", "STYPEPSC": "01" }, "geometry": { "type": "MultiPoint", "coordinates": [ [ 3.066362606600439, 45.642518137659835 ] ] } },
{ "type": "Feature", "properties": { "LIBELLE": "Patrimoine artisanal et industriel", "TYPEPSC": "07", "STYPEPSC": "01" }, "geometry": { "type": "MultiPoint", "coordinates": [ [ 3.066846464791263, 45.642029475328478 ] ] } },
{ "type": "Feature", "properties": { "LIBELLE": "Patrimoine religieux", "TYPEPSC": "07", "STYPEPSC": "01" }, "geometry": { "type": "MultiPoint", "coordinates": [ [ 3.075820665970883, 45.646782032429833 ] ] } },
{ "type": "Feature", "properties": { "LIBELLE": "Patrimoine hydraulique", "TYPEPSC": "07", "STYPEPSC": "01" }, "geometry": { "type": "MultiPoint", "coordinates": [ [ 3.097471101249349, 45.691731114503121 ] ] } },
{ "type": "Feature", "properties": { "LIBELLE": "Patrimoine religieux", "TYPEPSC": "07", "STYPEPSC": "01" }, "geometry": { "type": "MultiPoint", "coordinates": [ [ 3.096865995346627, 45.692196998152284 ] ] } },
{ "type": "Feature", "properties": { "LIBELLE": "Patrimoine religieux", "TYPEPSC": "07", "STYPEPSC": "01" }, "geometry": { "type": "MultiPoint", "coordinates": [ [ 3.096804995605494, 45.692356004248929 ] ] } },
{ "type": "Feature", "properties": { "LIBELLE": "Patrimoine religieux", "TYPEPSC": "07", "STYPEPSC": "01" }, "geometry": { "type": "MultiPoint", "coordinates": [ [ 3.096365000503474, 45.691811002486652 ] ] } },
{ "type": "Feature", "properties": { "LIBELLE": "Patrimoine hydraulique", "TYPEPSC": "07", "STYPEPSC": "01" }, "geometry": { "type": "MultiPoint", "coordinates": [ [ 3.096790994424457, 45.692601002320956 ] ] } },
{ "type": "Feature", "properties": { "LIBELLE": "Patrimoine religieux", "TYPEPSC": "07", "STYPEPSC": "01" }, "geometry": { "type": "MultiPoint", "coordinates": [ [ 3.09789299641768, 45.693077001362298 ] ] } },
{ "type": "Feature", "properties": { "LIBELLE": "Patrimoine mixte", "TYPEPSC": "07", "STYPEPSC": "01" }, "geometry": { "type": "MultiPoint", "coordinates": [ [ 3.099671391892457, 45.693554986759544 ] ] } },
{ "type": "Feature", "properties": { "LIBELLE": "Patrimoine hydraulique", "TYPEPSC": "07", "STYPEPSC": "01" }, "geometry": { "type": "MultiPoint", "coordinates": [ [ 3.095280003626003, 45.69254000361466 ] ] } },
{ "type": "Feature", "properties": { "LIBELLE": "Patrimoine hydraulique", "TYPEPSC": "07", "STYPEPSC": "01" }, "geometry": { "type": "MultiPoint", "coordinates": [ [ 3.055875748072458, 45.693821287456323 ] ] } },
{ "type": "Feature", "properties": { "LIBELLE": "Patrimoine religieux", "TYPEPSC": "07", "STYPEPSC": "01" }, "geometry": { "type": "MultiPoint", "coordinates": [ [ 3.089480005993536, 45.691891997222321 ] ] } },
{ "type": "Feature", "properties": { "LIBELLE": "Patrimoine hydraulique", "TYPEPSC": "07", "STYPEPSC": "01" }, "geometry": { "type": "MultiPoint", "coordinates": [ [ 3.109114994276827, 45.702537003673768 ] ] } },
{ "type": "Feature", "properties": { "LIBELLE": "Patrimoine hydraulique", "TYPEPSC": "07", "STYPEPSC": "01" }, "geometry": { "type": "MultiPoint", "coordinates": [ [ 3.109163994498235, 45.702541998941733 ] ] } },
{ "type": "Feature", "properties": { "LIBELLE": "Patrimoine religieux", "TYPEPSC": "07", "STYPEPSC": "01" }, "geometry": { "type": "MultiPoint", "coordinates": [ [ 3.108498617419339, 45.702033470619554 ] ] } },
{ "type": "Feature", "properties": { "LIBELLE": "Patrimoine hydraulique", "TYPEPSC": "07", "STYPEPSC": "01" }, "geometry": { "type": "MultiPoint", "coordinates": [ [ 3.108943994784603, 45.70349199966472 ] ] } },
{ "type": "Feature", "properties": { "LIBELLE": "Patrimoine religieux", "TYPEPSC": "07", "STYPEPSC": "01" }, "geometry": { "type": "MultiPoint", "coordinates": [ [ 3.108268647628553, 45.703556503982327 ] ] } },
{ "type": "Feature", "properties": { "LIBELLE": "Patrimoine religieux", "TYPEPSC": "07", "STYPEPSC": "01" }, "geometry": { "type": "MultiPoint", "coordinates": [ [ 3.107702004336551, 45.703510996073803 ] ] } },
{ "type": "Feature", "properties": { "LIBELLE": "Patrimoine religieux", "TYPEPSC": "07", "STYPEPSC": "01" }, "geometry": { "type": "MultiPoint", "coordinates": [ [ 3.107917999449425, 45.7033960044648 ] ] } },
{ "type": "Feature", "properties": { "LIBELLE": "Patrimoine religieux", "TYPEPSC": "07", "STYPEPSC": "01" }, "geometry": { "type": "MultiPoint", "coordinates": [ [ 3.107864887470328, 45.706341023747726 ] ] } },
{ "type": "Feature", "properties": { "LIBELLE": "Patrimoine religieux", "TYPEPSC": "07", "STYPEPSC": "01" }, "geometry": { "type": "MultiPoint", "coordinates": [ [ 3.112382238185508, 45.702440961707822 ] ] } },
{ "type": "Feature", "properties": { "LIBELLE": "Patrimoine hydraulique", "TYPEPSC": "07", "STYPEPSC": "01" }, "geometry": { "type": "MultiPoint", "coordinates": [ [ 3.109478999258438, 45.702995997658043 ] ] } },
{ "type": "Feature", "properties": { "LIBELLE": "Patrimoine civil", "TYPEPSC": "07", "STYPEPSC": "01" }, "geometry": { "type": "MultiPoint", "coordinates": [ [ 3.10880599392399, 45.702539004355692 ] ] } },
{ "type": "Feature", "properties": { "LIBELLE": "Patrimoine religieux", "TYPEPSC": "07", "STYPEPSC": "01" }, "geometry": { "type": "MultiPoint", "coordinates": [ [ 3.105908476969606, 45.700893983186553 ] ] } },
{ "type": "Feature", "properties": { "LIBELLE": "Patrimoine hydraulique", "TYPEPSC": "07", "STYPEPSC": "01" }, "geometry": { "type": "MultiPoint", "coordinates": [ [ 3.093395830024021, 45.692056039500478 ] ] } },
{ "type": "Feature", "properties": { "LIBELLE": "Patrimoine hydraulique", "TYPEPSC": "07", "STYPEPSC": "01" }, "geometry": { "type": "MultiPoint", "coordinates": [ [ 3.093619819163656, 45.691404946849524 ] ] } },
{ "type": "Feature", "properties": { "LIBELLE": "Patrimoine hydraulique", "TYPEPSC": "07", "STYPEPSC": "01" }, "geometry": { "type": "MultiPoint", "coordinates": [ [ 3.094729997508627, 45.691809003163975 ] ] } },
{ "type": "Feature", "properties": { "LIBELLE": "Patrimoine religieux", "TYPEPSC": "07", "STYPEPSC": "01" }, "geometry": { "type": "MultiPoint", "coordinates": [ [ 3.098121998150981, 45.689764997349691 ] ] } },
{ "type": "Feature", "properties": { "LIBELLE": "Patrimoine religieux", "TYPEPSC": "07", "STYPEPSC": "01" }, "geometry": { "type": "MultiPoint", "coordinates": [ [ 3.094164995326761, 45.695184000706803 ] ] } },
{ "type": "Feature", "properties": { "LIBELLE": "Patrimoine civil", "TYPEPSC": "07", "STYPEPSC": "01" }, "geometry": { "type": "MultiPoint", "coordinates": [ [ 3.098498994413157, 45.694805999654605 ] ] } },
{ "type": "Feature", "properties": { "LIBELLE": "Patrimoine religieux", "TYPEPSC": "07", "STYPEPSC": "01" }, "geometry": { "type": "MultiPoint", "coordinates": [ [ 3.098742993945153, 45.694701996134185 ] ] } },
{ "type": "Feature", "properties": { "LIBELLE": "Patrimoine hydraulique", "TYPEPSC": "07", "STYPEPSC": "01" }, "geometry": { "type": "MultiPoint", "coordinates": [ [ 3.054770815402555, 45.706006873819206 ] ] } },
{ "type": "Feature", "properties": { "LIBELLE": "Patrimoine religieux", "TYPEPSC": "07", "STYPEPSC": "01" }, "geometry": { "type": "MultiPoint", "coordinates": [ [ 3.055787260353042, 45.70516713155731 ] ] } },
{ "type": "Feature", "properties": { "LIBELLE": "Patrimoine religieux", "TYPEPSC": "07", "STYPEPSC": "01" }, "geometry": { "type": "MultiPoint", "coordinates": [ [ 3.067708684637181, 45.684668628289401 ] ] } },
{ "type": "Feature", "properties": { "LIBELLE": "Patrimoine religieux", "TYPEPSC": "07", "STYPEPSC": "01" }, "geometry": { "type": "MultiPoint", "coordinates": [ [ 3.062446004270795, 45.688027999309746 ] ] } },
{ "type": "Feature", "properties": { "LIBELLE": "Patrimoine religieux", "TYPEPSC": "07", "STYPEPSC": "01" }, "geometry": { "type": "MultiPoint", "coordinates": [ [ 3.056352176779209, 45.693414535253041 ] ] } },
{ "type": "Feature", "properties": { "LIBELLE": "Patrimoine civil", "TYPEPSC": "07", "STYPEPSC": "01" }, "geometry": { "type": "MultiPoint", "coordinates": [ [ 3.044299729071127, 45.622579974049337 ] ] } },
{ "type": "Feature", "properties": { "LIBELLE": "Patrimoine religieux", "TYPEPSC": "07", "STYPEPSC": "01" }, "geometry": { "type": "MultiPoint", "coordinates": [ [ 3.043968287070181, 45.622575169409693 ] ] } },
{ "type": "Feature", "properties": { "LIBELLE": "Patrimoine religieux", "TYPEPSC": "07", "STYPEPSC": "01" }, "geometry": { "type": "MultiPoint", "coordinates": [ [ 3.044754794024537, 45.622495112891862 ] ] } },
{ "type": "Feature", "properties": { "LIBELLE": "Patrimoine religieux", "TYPEPSC": "07", "STYPEPSC": "01" }, "geometry": { "type": "MultiPoint", "coordinates": [ [ 3.045352210574269, 45.622473118123843 ] ] } },
{ "type": "Feature", "properties": { "LIBELLE": "Patrimoine mixte", "TYPEPSC": "07", "STYPEPSC": "01" }, "geometry": { "type": "MultiPoint", "coordinates": [ [ 3.046627336368681, 45.621998080315166 ] ] } },
{ "type": "Feature", "properties": { "LIBELLE": "Patrimoine religieux", "TYPEPSC": "07", "STYPEPSC": "01" }, "geometry": { "type": "MultiPoint", "coordinates": [ [ 3.049655382389024, 45.62214575123037 ] ] } },
{ "type": "Feature", "properties": { "LIBELLE": "Patrimoine religieux", "TYPEPSC": "07", "STYPEPSC": "01" }, "geometry": { "type": "MultiPoint", "coordinates": [ [ 3.051318072049841, 45.625071906382736 ] ] } },
{ "type": "Feature", "properties": { "LIBELLE": "Patrimoine religieux", "TYPEPSC": "07", "STYPEPSC": "01" }, "geometry": { "type": "MultiPoint", "coordinates": [ [ 3.047487989272019, 45.621780785896171 ] ] } },
{ "type": "Feature", "properties": { "LIBELLE": "Patrimoine civil", "TYPEPSC": "07", "STYPEPSC": "01" }, "geometry": { "type": "MultiPoint", "coordinates": [ [ 3.048494421684705, 45.621129733251159 ] ] } },
{ "type": "Feature", "properties": { "LIBELLE": "Patrimoine religieux", "TYPEPSC": "07", "STYPEPSC": "01" }, "geometry": { "type": "MultiPoint", "coordinates": [ [ 3.048470236748892, 45.620491168695963 ] ] } },
{ "type": "Feature", "properties": { "LIBELLE": "Patrimoine hydraulique", "TYPEPSC": "07", "STYPEPSC": "01" }, "geometry": { "type": "MultiPoint", "coordinates": [ [ 3.050389247216199, 45.619922294345955 ] ] } },
{ "type": "Feature", "properties": { "LIBELLE": "Patrimoine hydraulique", "TYPEPSC": "07", "STYPEPSC": "01" }, "geometry": { "type": "MultiPoint", "coordinates": [ [ 3.051753965121711, 45.619809709350264 ] ] } },
{ "type": "Feature", "properties": { "LIBELLE": "Patrimoine religieux", "TYPEPSC": "07", "STYPEPSC": "01" }, "geometry": { "type": "MultiPoint", "coordinates": [ [ 3.052453720656471, 45.619621077097477 ] ] } },
{ "type": "Feature", "properties": { "LIBELLE": "Patrimoine religieux", "TYPEPSC": "07", "STYPEPSC": "01" }, "geometry": { "type": "MultiPoint", "coordinates": [ [ 3.049660407669279, 45.618619093544432 ] ] } },
{ "type": "Feature", "properties": { "LIBELLE": "Patrimoine hydraulique", "TYPEPSC": "07", "STYPEPSC": "01" }, "geometry": { "type": "MultiPoint", "coordinates": [ [ 3.017252110237143, 45.626803866870425 ] ] } },
{ "type": "Feature", "properties": { "LIBELLE": "Patrimoine religieux", "TYPEPSC": "07", "STYPEPSC": "01" }, "geometry": { "type": "MultiPoint", "coordinates": [ [ 3.056021166067673, 45.629697257311911 ] ] } },
{ "type": "Feature", "properties": { "LIBELLE": "Patrimoine religieux", "TYPEPSC": "07", "STYPEPSC": "01" }, "geometry": { "type": "MultiPoint", "coordinates": [ [ 3.054669382528838, 45.62018483914806 ] ] } },
{ "type": "Feature", "properties": { "LIBELLE": "Patrimoine religieux", "TYPEPSC": "07", "STYPEPSC": "01" }, "geometry": { "type": "MultiPoint", "coordinates": [ [ 3.06322941498003, 45.617093619693179 ] ] } },
{ "type": "Feature", "properties": { "LIBELLE": "Patrimoine religieux", "TYPEPSC": "07", "STYPEPSC": "01" }, "geometry": { "type": "MultiPoint", "coordinates": [ [ 3.05327738871606, 45.611239932234881 ] ] } },
{ "type": "Feature", "properties": { "LIBELLE": "Patrimoine religieux", "TYPEPSC": "07", "STYPEPSC": "01" }, "geometry": { "type": "MultiPoint", "coordinates": [ [ 3.052900622828517, 45.611755931194828 ] ] } },
{ "type": "Feature", "properties": { "LIBELLE": "Patrimoine hydraulique", "TYPEPSC": "07", "STYPEPSC": "01" }, "geometry": { "type": "MultiPoint", "coordinates": [ [ 3.052528856953944, 45.611731009038941 ] ] } },
{ "type": "Feature", "properties": { "LIBELLE": "Patrimoine mixte", "TYPEPSC": "07", "STYPEPSC": "01" }, "geometry": { "type": "MultiPoint", "coordinates": [ [ 3.052549864748324, 45.611776014156938 ] ] } },
{ "type": "Feature", "properties": { "LIBELLE": "Patrimoine hydraulique", "TYPEPSC": "07", "STYPEPSC": "01" }, "geometry": { "type": "MultiPoint", "coordinates": [ [ 3.052591587438397, 45.611820919542367 ] ] } },
{ "type": "Feature", "properties": { "LIBELLE": "Patrimoine religieux", "TYPEPSC": "07", "STYPEPSC": "01" }, "geometry": { "type": "MultiPoint", "coordinates": [ [ 3.045573601758752, 45.607090463310904 ] ] } },
{ "type": "Feature", "properties": { "LIBELLE": "Patrimoine religieux", "TYPEPSC": "07", "STYPEPSC": "01" }, "geometry": { "type": "MultiPoint", "coordinates": [ [ 3.029388664216929, 45.620069808255394 ] ] } },
{ "type": "Feature", "properties": { "LIBELLE": "Patrimoine hydraulique", "TYPEPSC": "07", "STYPEPSC": "01" }, "geometry": { "type": "MultiPoint", "coordinates": [ [ 3.032580440299509, 45.647007096998188 ] ] } },
{ "type": "Feature", "properties": { "LIBELLE": "Patrimoine mixte", "TYPEPSC": "07", "STYPEPSC": "01" }, "geometry": { "type": "MultiPoint", "coordinates": [ [ 3.032615626435441, 45.647182077374225 ] ] } },
{ "type": "Feature", "properties": { "LIBELLE": "Patrimoine hydraulique", "TYPEPSC": "07", "STYPEPSC": "01" }, "geometry": { "type": "MultiPoint", "coordinates": [ [ 3.084107565333868, 45.651043809979576 ] ] } },
{ "type": "Feature", "properties": { "LIBELLE": "Patrimoine religieux", "TYPEPSC": "07", "STYPEPSC": "01" }, "geometry": { "type": "MultiPoint", "coordinates": [ [ 2.991464333089177, 45.632160506206851 ] ] } },
{ "type": "Feature", "properties": { "LIBELLE": "Patrimoine hydraulique", "TYPEPSC": "07", "STYPEPSC": "01" }, "geometry": { "type": "MultiPoint", "coordinates": [ [ 2.991264601910776, 45.62817280509605 ] ] } },
{ "type": "Feature", "properties": { "LIBELLE": "Patrimoine artisanal et industriel", "TYPEPSC": "07", "STYPEPSC": "01" }, "geometry": { "type": "MultiPoint", "coordinates": [ [ 2.990407626822226, 45.629719435671902 ] ] } },
{ "type": "Feature", "properties": { "LIBELLE": "Patrimoine religieux", "TYPEPSC": "07", "STYPEPSC": "01" }, "geometry": { "type": "MultiPoint", "coordinates": [ [ 2.990352083743103, 45.629694883839512 ] ] } },
{ "type": "Feature", "properties": { "LIBELLE": "Patrimoine religieux", "TYPEPSC": "07", "STYPEPSC": "01" }, "geometry": { "type": "MultiPoint", "coordinates": [ [ 3.003958197179108, 45.642346879867631 ] ] } },
{ "type": "Feature", "properties": { "LIBELLE": "Patrimoine civil", "TYPEPSC": "07", "STYPEPSC": "01" }, "geometry": { "type": "MultiPoint", "coordinates": [ [ 3.00369907832913, 45.642230195345611 ] ] } },
{ "type": "Feature", "properties": { "LIBELLE": "Patrimoine mixte", "TYPEPSC": "07", "STYPEPSC": "01" }, "geometry": { "type": "MultiPoint", "coordinates": [ [ 3.003676622821132, 45.642791691029338 ] ] } },
{ "type": "Feature", "properties": { "LIBELLE": "Patrimoine mixte", "TYPEPSC": "07", "STYPEPSC": "01" }, "geometry": { "type": "MultiPoint", "coordinates": [ [ 3.005366175775546, 45.642972259671303 ] ] } },
{ "type": "Feature", "properties": { "LIBELLE": "Patrimoine artisanal et industriel", "TYPEPSC": "07", "STYPEPSC": "01" }, "geometry": { "type": "MultiPoint", "coordinates": [ [ 3.002061114899093, 45.640893752420986 ] ] } },
{ "type": "Feature", "properties": { "LIBELLE": "Patrimoine mixte", "TYPEPSC": "07", "STYPEPSC": "01" }, "geometry": { "type": "MultiPoint", "coordinates": [ [ 3.001771993756137, 45.640791507737354 ] ] } },
{ "type": "Feature", "properties": { "LIBELLE": "Patrimoine religieux", "TYPEPSC": "07", "STYPEPSC": "01" }, "geometry": { "type": "MultiPoint", "coordinates": [ [ 2.999353307499732, 45.641601259290766 ] ] } },
{ "type": "Feature", "properties": { "LIBELLE": "Patrimoine religieux", "TYPEPSC": "07", "STYPEPSC": "01" }, "geometry": { "type": "MultiPoint", "coordinates": [ [ 2.997735307788489, 45.641070413859275 ] ] } },
{ "type": "Feature", "properties": { "LIBELLE": "Patrimoine religieux", "TYPEPSC": "07", "STYPEPSC": "01" }, "geometry": { "type": "MultiPoint", "coordinates": [ [ 2.989146922851533, 45.647291418920069 ] ] } },
{ "type": "Feature", "properties": { "LIBELLE": "Patrimoine hydraulique", "TYPEPSC": "07", "STYPEPSC": "01" }, "geometry": { "type": "MultiPoint", "coordinates": [ [ 3.016406303237747, 45.647987332062407 ] ] } },
{ "type": "Feature", "properties": { "LIBELLE": "Patrimoine hydraulique", "TYPEPSC": "07", "STYPEPSC": "01" }, "geometry": { "type": "MultiPoint", "coordinates": [ [ 3.016436300295691, 45.647875334805569 ] ] } },
{ "type": "Feature", "properties": { "LIBELLE": "Patrimoine artisanal et industriel", "TYPEPSC": "07", "STYPEPSC": "01" }, "geometry": { "type": "MultiPoint", "coordinates": [ [ 3.018118903316578, 45.648030841872284 ] ] } },
{ "type": "Feature", "properties": { "LIBELLE": "Patrimoine religieux", "TYPEPSC": "07", "STYPEPSC": "01" }, "geometry": { "type": "MultiPoint", "coordinates": [ [ 3.018612081608506, 45.647421288549289 ] ] } },
{ "type": "Feature", "properties": { "LIBELLE": "Patrimoine religieux", "TYPEPSC": "07", "STYPEPSC": "01" }, "geometry": { "type": "MultiPoint", "coordinates": [ [ 2.983923896197501, 45.652632505348329 ] ] } },
{ "type": "Feature", "properties": { "LIBELLE": "Patrimoine hydraulique", "TYPEPSC": "07", "STYPEPSC": "01" }, "geometry": { "type": "MultiPoint", "coordinates": [ [ 2.984551892495352, 45.65300824886603 ] ] } },
{ "type": "Feature", "properties": { "LIBELLE": "Patrimoine artisanal et industriel", "TYPEPSC": "07", "STYPEPSC": "01" }, "geometry": { "type": "MultiPoint", "coordinates": [ [ 2.985148831156638, 45.653032667621915 ] ] } },
{ "type": "Feature", "properties": { "LIBELLE": "Patrimoine religieux", "TYPEPSC": "07", "STYPEPSC": "01" }, "geometry": { "type": "MultiPoint", "coordinates": [ [ 2.981229142216229, 45.656614280890373 ] ] } },
{ "type": "Feature", "properties": { "LIBELLE": "Patrimoine religieux", "TYPEPSC": "07", "STYPEPSC": "01" }, "geometry": { "type": "MultiPoint", "coordinates": [ [ 2.982585256981603, 45.659924608596604 ] ] } },
{ "type": "Feature", "properties": { "LIBELLE": "Patrimoine religieux", "TYPEPSC": "07", "STYPEPSC": "01" }, "geometry": { "type": "MultiPoint", "coordinates": [ [ 2.939032982394461, 45.685442275524998 ] ] } },
{ "type": "Feature", "properties": { "LIBELLE": "Patrimoine religieux", "TYPEPSC": "07", "STYPEPSC": "01" }, "geometry": { "type": "MultiPoint", "coordinates": [ [ 2.949937631331188, 45.69444026720096 ] ] } },
{ "type": "Feature", "properties": { "LIBELLE": "Patrimoine hydraulique", "TYPEPSC": "07", "STYPEPSC": "01" }, "geometry": { "type": "MultiPoint", "coordinates": [ [ 2.996341548534732, 45.690824248824661 ] ] } },
{ "type": "Feature", "properties": { "LIBELLE": "Patrimoine artisanal et industriel", "TYPEPSC": "07", "STYPEPSC": "01" }, "geometry": { "type": "MultiPoint", "coordinates": [ [ 2.99646336558766, 45.691558300734549 ] ] } },
{ "type": "Feature", "properties": { "LIBELLE": "Patrimoine religieux", "TYPEPSC": "07", "STYPEPSC": "01" }, "geometry": { "type": "MultiPoint", "coordinates": [ [ 2.998555579093793, 45.689716901103345 ] ] } },
{ "type": "Feature", "properties": { "LIBELLE": "Patrimoine religieux", "TYPEPSC": "07", "STYPEPSC": "01" }, "geometry": { "type": "MultiPoint", "coordinates": [ [ 3.019973217604645, 45.662186466023819 ] ] } },
{ "type": "Feature", "properties": { "LIBELLE": "Patrimoine religieux", "TYPEPSC": "07", "STYPEPSC": "01" }, "geometry": { "type": "MultiPoint", "coordinates": [ [ 3.029169015720345, 45.660880966047976 ] ] } },
{ "type": "Feature", "properties": { "LIBELLE": "Patrimoine artisanal et industriel", "TYPEPSC": "07", "STYPEPSC": "01" }, "geometry": { "type": "MultiPoint", "coordinates": [ [ 3.024744081194715, 45.663085443115008 ] ] } },
{ "type": "Feature", "properties": { "LIBELLE": "Patrimoine religieux", "TYPEPSC": "07", "STYPEPSC": "01" }, "geometry": { "type": "MultiPoint", "coordinates": [ [ 3.026385019448255, 45.663448307307192 ] ] } },
{ "type": "Feature", "properties": { "LIBELLE": "Patrimoine mixte", "TYPEPSC": "07", "STYPEPSC": "01" }, "geometry": { "type": "MultiPoint", "coordinates": [ [ 3.023746804322944, 45.662240122653685 ] ] } },
{ "type": "Feature", "properties": { "LIBELLE": "Patrimoine hydraulique", "TYPEPSC": "07", "STYPEPSC": "01" }, "geometry": { "type": "MultiPoint", "coordinates": [ [ 3.022130128087651, 45.662171253070142 ] ] } },
{ "type": "Feature", "properties": { "LIBELLE": "Patrimoine hydraulique", "TYPEPSC": "07", "STYPEPSC": "01" }, "geometry": { "type": "MultiPoint", "coordinates": [ [ 3.022106411496882, 45.662148589385886 ] ] } },
{ "type": "Feature", "properties": { "LIBELLE": "Patrimoine artisanal et industriel", "TYPEPSC": "07", "STYPEPSC": "01" }, "geometry": { "type": "MultiPoint", "coordinates": [ [ 3.021761801668122, 45.663216718938259 ] ] } },
{ "type": "Feature", "properties": { "LIBELLE": "Patrimoine religieux", "TYPEPSC": "07", "STYPEPSC": "01" }, "geometry": { "type": "MultiPoint", "coordinates": [ [ 3.026125490930046, 45.669277652883117 ] ] } },
{ "type": "Feature", "properties": { "LIBELLE": "Patrimoine religieux", "TYPEPSC": "07", "STYPEPSC": "01" }, "geometry": { "type": "MultiPoint", "coordinates": [ [ 3.018567939975146, 45.671598707013025 ] ] } },
{ "type": "Feature", "properties": { "LIBELLE": "Patrimoine religieux", "TYPEPSC": "07", "STYPEPSC": "01" }, "geometry": { "type": "MultiPoint", "coordinates": [ [ 3.006750020172566, 45.671934924983518 ] ] } },
{ "type": "Feature", "properties": { "LIBELLE": "Patrimoine hydraulique", "TYPEPSC": "07", "STYPEPSC": "01" }, "geometry": { "type": "MultiPoint", "coordinates": [ [ 3.009477998804331, 45.67953064023154 ] ] } },
{ "type": "Feature", "properties": { "LIBELLE": "Patrimoine civil", "TYPEPSC": "07", "STYPEPSC": "01" }, "geometry": { "type": "MultiPoint", "coordinates": [ [ 3.005710059477232, 45.671805006754184 ] ] } },
{ "type": "Feature", "properties": { "LIBELLE": "Patrimoine religieux", "TYPEPSC": "07", "STYPEPSC": "01" }, "geometry": { "type": "MultiPoint", "coordinates": [ [ 3.006042238430128, 45.671690925211301 ] ] } },
{ "type": "Feature", "properties": { "LIBELLE": "Patrimoine artisanal et industriel", "TYPEPSC": "07", "STYPEPSC": "01" }, "geometry": { "type": "MultiPoint", "coordinates": [ [ 3.005052311861317, 45.67260435216027 ] ] } },
{ "type": "Feature", "properties": { "LIBELLE": "Patrimoine religieux", "TYPEPSC": "07", "STYPEPSC": "01" }, "geometry": { "type": "MultiPoint", "coordinates": [ [ 3.000406996731369, 45.67098800726361 ] ] } },
{ "type": "Feature", "properties": { "LIBELLE": "Patrimoine hydraulique", "TYPEPSC": "07", "STYPEPSC": "01" }, "geometry": { "type": "MultiPoint", "coordinates": [ [ 3.003627773131492, 45.672375504197177 ] ] } },
{ "type": "Feature", "properties": { "LIBELLE": "Patrimoine religieux", "TYPEPSC": "07", "STYPEPSC": "01" }, "geometry": { "type": "MultiPoint", "coordinates": [ [ 3.003531271178052, 45.67228788123554 ] ] } },
{ "type": "Feature", "properties": { "LIBELLE": "Patrimoine religieux", "TYPEPSC": "07", "STYPEPSC": "01" }, "geometry": { "type": "MultiPoint", "coordinates": [ [ 3.004144536947365, 45.673435859513575 ] ] } },
{ "type": "Feature", "properties": { "LIBELLE": "Patrimoine religieux", "TYPEPSC": "07", "STYPEPSC": "01" }, "geometry": { "type": "MultiPoint", "coordinates": [ [ 3.004371222369881, 45.671006175968813 ] ] } },
{ "type": "Feature", "properties": { "LIBELLE": "Patrimoine hydraulique", "TYPEPSC": "07", "STYPEPSC": "01" }, "geometry": { "type": "MultiPoint", "coordinates": [ [ 3.001374814857293, 45.666240698168643 ] ] } },
{ "type": "Feature", "properties": { "LIBELLE": "Patrimoine religieux", "TYPEPSC": "07", "STYPEPSC": "01" }, "geometry": { "type": "MultiPoint", "coordinates": [ [ 3.002359599605332, 45.666283950042008 ] ] } },
{ "type": "Feature", "properties": { "LIBELLE": "Patrimoine hydraulique", "TYPEPSC": "07", "STYPEPSC": "01" }, "geometry": { "type": "MultiPoint", "coordinates": [ [ 3.000345575619123, 45.666862547176727 ] ] } },
{ "type": "Feature", "properties": { "LIBELLE": "Patrimoine religieux", "TYPEPSC": "07", "STYPEPSC": "01" }, "geometry": { "type": "MultiPoint", "coordinates": [ [ 3.000344497989892, 45.666875014772664 ] ] } },
{ "type": "Feature", "properties": { "LIBELLE": "Patrimoine artisanal et industriel", "TYPEPSC": "07", "STYPEPSC": "01" }, "geometry": { "type": "MultiPoint", "coordinates": [ [ 2.999702237502414, 45.666203507220303 ] ] } },
{ "type": "Feature", "properties": { "LIBELLE": "Patrimoine hydraulique", "TYPEPSC": "07", "STYPEPSC": "01" }, "geometry": { "type": "MultiPoint", "coordinates": [ [ 3.001384083497247, 45.666332133083429 ] ] } },
{ "type": "Feature", "properties": { "LIBELLE": "Patrimoine hydraulique", "TYPEPSC": "07", "STYPEPSC": "01" }, "geometry": { "type": "MultiPoint", "coordinates": [ [ 3.009636994395591, 45.67951564269125 ] ] } },
{ "type": "Feature", "properties": { "LIBELLE": "Patrimoine religieux", "TYPEPSC": "07", "STYPEPSC": "01" }, "geometry": { "type": "MultiPoint", "coordinates": [ [ 3.009582997618094, 45.679418647183383 ] ] } },
{ "type": "Feature", "properties": { "LIBELLE": "Patrimoine hydraulique", "TYPEPSC": "07", "STYPEPSC": "01" }, "geometry": { "type": "MultiPoint", "coordinates": [ [ 3.010869317727295, 45.678996797838046 ] ] } },
{ "type": "Feature", "properties": { "LIBELLE": "Patrimoine religieux", "TYPEPSC": "07", "STYPEPSC": "01" }, "geometry": { "type": "MultiPoint", "coordinates": [ [ 3.011190461205212, 45.679309459383866 ] ] } },
{ "type": "Feature", "properties": { "LIBELLE": "Patrimoine religieux", "TYPEPSC": "07", "STYPEPSC": "01" }, "geometry": { "type": "MultiPoint", "coordinates": [ [ 3.011758259724576, 45.678854963407325 ] ] } },
{ "type": "Feature", "properties": { "LIBELLE": "Patrimoine hydraulique", "TYPEPSC": "07", "STYPEPSC": "01" }, "geometry": { "type": "MultiPoint", "coordinates": [ [ 3.007443979037812, 45.678174020896655 ] ] } },
{ "type": "Feature", "properties": { "LIBELLE": "Patrimoine agricole", "TYPEPSC": "07", "STYPEPSC": "01" }, "geometry": { "type": "MultiPoint", "coordinates": [ [ 3.007449908246755, 45.6781785541788 ] ] } },
{ "type": "Feature", "properties": { "LIBELLE": "Patrimoine religieux", "TYPEPSC": "07", "STYPEPSC": "01" }, "geometry": { "type": "MultiPoint", "coordinates": [ [ 3.004554243679312, 45.676836069333504 ] ] } },
{ "type": "Feature", "properties": { "LIBELLE": "Patrimoine hydraulique", "TYPEPSC": "07", "STYPEPSC": "01" }, "geometry": { "type": "MultiPoint", "coordinates": [ [ 3.010393452921512, 45.680638064559894 ] ] } },
{ "type": "Feature", "properties": { "LIBELLE": "Patrimoine hydraulique", "TYPEPSC": "07", "STYPEPSC": "01" }, "geometry": { "type": "MultiPoint", "coordinates": [ [ 3.011757140989638, 45.679357685604771 ] ] } },
{ "type": "Feature", "properties": { "LIBELLE": "Patrimoine artisanal et industriel", "TYPEPSC": "07", "STYPEPSC": "01" }, "geometry": { "type": "MultiPoint", "coordinates": [ [ 3.010866063687547, 45.679212166855557 ] ] } },
{ "type": "Feature", "properties": { "LIBELLE": "Patrimoine hydraulique", "TYPEPSC": "07", "STYPEPSC": "01" }, "geometry": { "type": "MultiPoint", "coordinates": [ [ 2.973207096194416, 45.672750849053784 ] ] } },
{ "type": "Feature", "properties": { "LIBELLE": "Patrimoine artisanal et industriel", "TYPEPSC": "07", "STYPEPSC": "01" }, "geometry": { "type": "MultiPoint", "coordinates": [ [ 2.973405034681718, 45.672776505711667 ] ] } },
{ "type": "Feature", "properties": { "LIBELLE": "Patrimoine artisanal et industriel", "TYPEPSC": "07", "STYPEPSC": "01" }, "geometry": { "type": "MultiPoint", "coordinates": [ [ 2.974480234384395, 45.683855307018518 ] ] } },
{ "type": "Feature", "properties": { "LIBELLE": "Patrimoine artisanal et industriel", "TYPEPSC": "07", "STYPEPSC": "01" }, "geometry": { "type": "MultiPoint", "coordinates": [ [ 2.981840030726631, 45.676153238562989 ] ] } },
{ "type": "Feature", "properties": { "LIBELLE": "Patrimoine agricole", "TYPEPSC": "07", "STYPEPSC": "01" }, "geometry": { "type": "MultiPoint", "coordinates": [ [ 2.973260177955303, 45.672551845840992 ] ] } },
{ "type": "Feature", "properties": { "LIBELLE": "Patrimoine mixte", "TYPEPSC": "07", "STYPEPSC": "01" }, "geometry": { "type": "MultiPoint", "coordinates": [ [ 2.973232205262761, 45.672482006712897 ] ] } },
{ "type": "Feature", "properties": { "LIBELLE": "Patrimoine religieux", "TYPEPSC": "07", "STYPEPSC": "01" }, "geometry": { "type": "MultiPoint", "coordinates": [ [ 2.973729279580754, 45.67169970279862 ] ] } },
{ "type": "Feature", "properties": { "LIBELLE": "Patrimoine religieux", "TYPEPSC": "07", "STYPEPSC": "01" }, "geometry": { "type": "MultiPoint", "coordinates": [ [ 2.973257999396576, 45.673145002726422 ] ] } },
{ "type": "Feature", "properties": { "LIBELLE": "Patrimoine agricole", "TYPEPSC": "07", "STYPEPSC": "01" }, "geometry": { "type": "MultiPoint", "coordinates": [ [ 2.973811901770636, 45.67717825455 ] ] } },
{ "type": "Feature", "properties": { "LIBELLE": "Patrimoine religieux", "TYPEPSC": "07", "STYPEPSC": "01" }, "geometry": { "type": "MultiPoint", "coordinates": [ [ 2.975254788447748, 45.67198216970025 ] ] } },
{ "type": "Feature", "properties": { "LIBELLE": "Patrimoine civil", "TYPEPSC": "07", "STYPEPSC": "01" }, "geometry": { "type": "MultiPoint", "coordinates": [ [ 2.964738112543182, 45.667437096900841 ] ] } },
{ "type": "Feature", "properties": { "LIBELLE": "Patrimoine artisanal et industriel", "TYPEPSC": "07", "STYPEPSC": "01" }, "geometry": { "type": "MultiPoint", "coordinates": [ [ 2.964966031112765, 45.667620011109278 ] ] } },
{ "type": "Feature", "properties": { "LIBELLE": "Patrimoine religieux", "TYPEPSC": "07", "STYPEPSC": "01" }, "geometry": { "type": "MultiPoint", "coordinates": [ [ 2.964965082516669, 45.667791669895998 ] ] } },
{ "type": "Feature", "properties": { "LIBELLE": "Patrimoine hydraulique", "TYPEPSC": "07", "STYPEPSC": "01" }, "geometry": { "type": "MultiPoint", "coordinates": [ [ 2.965035291673804, 45.667887341024169 ] ] } },
{ "type": "Feature", "properties": { "LIBELLE": "Patrimoine hydraulique", "TYPEPSC": "07", "STYPEPSC": "01" }, "geometry": { "type": "MultiPoint", "coordinates": [ [ 2.965071920137496, 45.667797916413306 ] ] } },
{ "type": "Feature", "properties": { "LIBELLE": "Patrimoine mixte", "TYPEPSC": "07", "STYPEPSC": "01" }, "geometry": { "type": "MultiPoint", "coordinates": [ [ 2.966401993599588, 45.66878819508571 ] ] } },
{ "type": "Feature", "properties": { "LIBELLE": "Patrimoine religieux", "TYPEPSC": "07", "STYPEPSC": "01" }, "geometry": { "type": "MultiPoint", "coordinates": [ [ 2.979901353551103, 45.663276027671238 ] ] } },
{ "type": "Feature", "properties": { "LIBELLE": "Patrimoine religieux", "TYPEPSC": "07", "STYPEPSC": "01" }, "geometry": { "type": "MultiPoint", "coordinates": [ [ 2.961333692623242, 45.657108596061946 ] ] } },
{ "type": "Feature", "properties": { "LIBELLE": "Patrimoine mixte", "TYPEPSC": "07", "STYPEPSC": "01" }, "geometry": { "type": "MultiPoint", "coordinates": [ [ 2.948397935166994, 45.661161093278679 ] ] } },
{ "type": "Feature", "properties": { "LIBELLE": "Patrimoine hydraulique", "TYPEPSC": "07", "STYPEPSC": "01" }, "geometry": { "type": "MultiPoint", "coordinates": [ [ 2.946672494569099, 45.660920247737252 ] ] } },
{ "type": "Feature", "properties": { "LIBELLE": "Patrimoine religieux", "TYPEPSC": "07", "STYPEPSC": "01" }, "geometry": { "type": "MultiPoint", "coordinates": [ [ 2.946611519910848, 45.660750901092854 ] ] } },
{ "type": "Feature", "properties": { "LIBELLE": "Patrimoine artisanal et industriel", "TYPEPSC": "07", "STYPEPSC": "01" }, "geometry": { "type": "MultiPoint", "coordinates": [ [ 2.945559559407968, 45.660625617561273 ] ] } },
{ "type": "Feature", "properties": { "LIBELLE": "Patrimoine hydraulique", "TYPEPSC": "07", "STYPEPSC": "01" }, "geometry": { "type": "MultiPoint", "coordinates": [ [ 2.944243694558125, 45.660593492850424 ] ] } },
{ "type": "Feature", "properties": { "LIBELLE": "Patrimoine hydraulique", "TYPEPSC": "07", "STYPEPSC": "01" }, "geometry": { "type": "MultiPoint", "coordinates": [ [ 2.945751607455408, 45.660717064206622 ] ] } },
{ "type": "Feature", "properties": { "LIBELLE": "Patrimoine hydraulique", "TYPEPSC": "07", "STYPEPSC": "01" }, "geometry": { "type": "MultiPoint", "coordinates": [ [ 2.946162150622141, 45.660819646110269 ] ] } },
{ "type": "Feature", "properties": { "LIBELLE": "Patrimoine hydraulique", "TYPEPSC": "07", "STYPEPSC": "01" }, "geometry": { "type": "MultiPoint", "coordinates": [ [ 2.947235657348556, 45.660587730656232 ] ] } },
{ "type": "Feature", "properties": { "LIBELLE": "Patrimoine religieux", "TYPEPSC": "07", "STYPEPSC": "01" }, "geometry": { "type": "MultiPoint", "coordinates": [ [ 2.953027204912962, 45.658983294308356 ] ] } },
{ "type": "Feature", "properties": { "LIBELLE": "Patrimoine hydraulique", "TYPEPSC": "07", "STYPEPSC": "01" }, "geometry": { "type": "MultiPoint", "coordinates": [ [ 2.96230921318568, 45.651804988401452 ] ] } },
{ "type": "Feature", "properties": { "LIBELLE": "Patrimoine religieux", "TYPEPSC": "07", "STYPEPSC": "01" }, "geometry": { "type": "MultiPoint", "coordinates": [ [ 2.966389045580098, 45.655881816734428 ] ] } },
{ "type": "Feature", "properties": { "LIBELLE": "Patrimoine hydraulique", "TYPEPSC": "07", "STYPEPSC": "01" }, "geometry": { "type": "MultiPoint", "coordinates": [ [ 2.96624904114771, 45.655778822731918 ] ] } },
{ "type": "Feature", "properties": { "LIBELLE": "Patrimoine artisanal et industriel", "TYPEPSC": "07", "STYPEPSC": "01" }, "geometry": { "type": "MultiPoint", "coordinates": [ [ 2.966236041321318, 45.655723817385194 ] ] } },
{ "type": "Feature", "properties": { "LIBELLE": "Patrimoine religieux", "TYPEPSC": "07", "STYPEPSC": "01" }, "geometry": { "type": "MultiPoint", "coordinates": [ [ 2.984556067142921, 45.653009760660368 ] ] } },
{ "type": "Feature", "properties": { "LIBELLE": "Patrimoine religieux", "TYPEPSC": "07", "STYPEPSC": "01" }, "geometry": { "type": "MultiPoint", "coordinates": [ [ 2.974710053055797, 45.660110919940188 ] ] } },
{ "type": "Feature", "properties": { "LIBELLE": "Patrimoine hydraulique", "TYPEPSC": "07", "STYPEPSC": "01" }, "geometry": { "type": "MultiPoint", "coordinates": [ [ 2.973830145727782, 45.659793686041318 ] ] } },
{ "type": "Feature", "properties": { "LIBELLE": "Patrimoine religieux", "TYPEPSC": "07", "STYPEPSC": "01" }, "geometry": { "type": "MultiPoint", "coordinates": [ [ 2.973086170707735, 45.661589595041676 ] ] } },
{ "type": "Feature", "properties": { "LIBELLE": "Patrimoine artisanal et industriel", "TYPEPSC": "07", "STYPEPSC": "01" }, "geometry": { "type": "MultiPoint", "coordinates": [ [ 2.973002192166594, 45.660288927014555 ] ] } },
{ "type": "Feature", "properties": { "LIBELLE": "Patrimoine religieux", "TYPEPSC": "07", "STYPEPSC": "01" }, "geometry": { "type": "MultiPoint", "coordinates": [ [ 2.982122242347032, 45.66570412161267 ] ] } },
{ "type": "Feature", "properties": { "LIBELLE": "Patrimoine végétal", "TYPEPSC": "07", "STYPEPSC": "04" }, "geometry": { "type": "MultiPoint", "coordinates": [ [ 3.000672346350257, 45.686972941013693 ] ] } },
{ "type": "Feature", "properties": { "LIBELLE": "Patrimoine végétal", "TYPEPSC": "07", "STYPEPSC": "04" }, "geometry": { "type": "MultiPoint", "coordinates": [ [ 2.994490085907272, 45.689664870428523 ] ] } },
{ "type": "Feature", "properties": { "LIBELLE": "Patrimoine végétal", "TYPEPSC": "07", "STYPEPSC": "04" }, "geometry": { "type": "MultiPoint", "coordinates": [ [ 3.005552988793242, 45.67182620896471 ] ] } },
{ "type": "Feature", "properties": { "LIBELLE": "Patrimoine végétal", "TYPEPSC": "07", "STYPEPSC": "04" }, "geometry": { "type": "MultiPoint", "coordinates": [ [ 2.994872755677901, 45.690006300491468 ] ] } },
{ "type": "Feature", "properties": { "LIBELLE": "Patrimoine végétal", "TYPEPSC": "07", "STYPEPSC": "04" }, "geometry": { "type": "MultiPoint", "coordinates": [ [ 3.009065381309107, 45.679802345605587 ] ] } },
{ "type": "Feature", "properties": { "LIBELLE": "Patrimoine végétal", "TYPEPSC": "07", "STYPEPSC": "04" }, "geometry": { "type": "MultiPoint", "coordinates": [ [ 2.981446763001524, 45.666805743341357 ] ] } },
{ "type": "Feature", "properties": { "LIBELLE": "Patrimoine végétal", "TYPEPSC": "07", "STYPEPSC": "04" }, "geometry": { "type": "MultiPoint", "coordinates": [ [ 3.18978020916245, 45.628872129998008 ] ] } },
{ "type": "Feature", "properties": { "LIBELLE": "Patrimoine végétal", "TYPEPSC": "07", "STYPEPSC": "04" }, "geometry": { "type": "MultiPoint", "coordinates": [ [ 3.168481031260973, 45.703315611118732 ] ] } },
{ "type": "Feature", "properties": { "LIBELLE": "Patrimoine végétal", "TYPEPSC": "07", "STYPEPSC": "04" }, "geometry": { "type": "MultiPoint", "coordinates": [ [ 3.168605122614966, 45.703456226533859 ] ] } },
{ "type": "Feature", "properties": { "LIBELLE": "Patrimoine végétal", "TYPEPSC": "07", "STYPEPSC": "04" }, "geometry": { "type": "MultiPoint", "coordinates": [ [ 3.197468258952005, 45.677384413725534 ] ] } },
{ "type": "Feature", "properties": { "LIBELLE": "Patrimoine végétal", "TYPEPSC": "07", "STYPEPSC": "04" }, "geometry": { "type": "MultiPoint", "coordinates": [ [ 3.180172828373555, 45.683719843843072 ] ] } },
{ "type": "Feature", "properties": { "LIBELLE": "Patrimoine végétal", "TYPEPSC": "07", "STYPEPSC": "04" }, "geometry": { "type": "MultiPoint", "coordinates": [ [ 3.197084459926733, 45.692519105108808 ] ] } },
{ "type": "Feature", "properties": { "LIBELLE": "Patrimoine végétal", "TYPEPSC": "07", "STYPEPSC": "04" }, "geometry": { "type": "MultiPoint", "coordinates": [ [ 3.092736178022637, 45.661124016740281 ] ] } },
{ "type": "Feature", "properties": { "LIBELLE": "Patrimoine végétal", "TYPEPSC": "07", "STYPEPSC": "04" }, "geometry": { "type": "MultiPoint", "coordinates": [ [ 3.136803, 45.687694 ] ] } },
{ "type": "Feature", "properties": { "LIBELLE": "Patrimoine végétal", "TYPEPSC": "07", "STYPEPSC": "04" }, "geometry": { "type": "MultiPoint", "coordinates": [ [ 3.192861, 45.683413 ] ] } },
{ "type": "Feature", "properties": { "LIBELLE": "Patrimoine végétal", "TYPEPSC": "07", "STYPEPSC": "04" }, "geometry": { "type": "MultiPoint", "coordinates": [ [ 3.193441, 45.684046 ] ] } },
{ "type": "Feature", "properties": { "LIBELLE": "Patrimoine végétal", "TYPEPSC": "07", "STYPEPSC": "04" }, "geometry": { "type": "MultiPoint", "coordinates": [ [ 3.227543763115863, 45.711251844490945 ] ] } },
{ "type": "Feature", "properties": { "LIBELLE": "Patrimoine végétal", "TYPEPSC": "07", "STYPEPSC": "04" }, "geometry": { "type": "MultiPoint", "coordinates": [ [ 3.225202387401664, 45.709291041898318 ] ] } },
{ "type": "Feature", "properties": { "LIBELLE": "Patrimoine géologique", "TYPEPSC": "07", "STYPEPSC": "01" }, "geometry": { "type": "MultiPoint", "coordinates": [ [ 3.002748683016228, 45.669254013044146 ] ] } },
{ "type": "Feature", "properties": { "LIBELLE": "Patrimoine géologique", "TYPEPSC": "07", "STYPEPSC": "01" }, "geometry": { "type": "MultiPoint", "coordinates": [ [ 3.002330098401445, 45.666274695325114 ] ] } },
{ "type": "Feature", "properties": { "LIBELLE": "Patrimoine géologique", "TYPEPSC": "07", "STYPEPSC": "01" }, "geometry": { "type": "MultiPoint", "coordinates": [ [ 3.007567396945688, 45.674599238489854 ] ] } },
{ "type": "Feature", "properties": { "LIBELLE": "Patrimoine géologique", "TYPEPSC": "07", "STYPEPSC": "01" }, "geometry": { "type": "MultiPoint", "coordinates": [ [ 3.006661684750865, 45.672280536714602 ] ] } },
{ "type": "Feature", "properties": { "LIBELLE": "Patrimoine géologique", "TYPEPSC": "07", "STYPEPSC": "01" }, "geometry": { "type": "MultiPoint", "coordinates": [ [ 3.009726604041181, 45.679761849572792 ] ] } },
{ "type": "Feature", "properties": { "LIBELLE": "Patrimoine géologique", "TYPEPSC": "07", "STYPEPSC": "01" }, "geometry": { "type": "MultiPoint", "coordinates": [ [ 3.011785752921472, 45.678814467147681 ] ] } },
{ "type": "Feature", "properties": { "LIBELLE": "Patrimoine géologique", "TYPEPSC": "07", "STYPEPSC": "01" }, "geometry": { "type": "MultiPoint", "coordinates": [ [ 3.0223934, 45.664056800000012 ] ] } },
{ "type": "Feature", "properties": { "LIBELLE": "Patrimoine géologique", "TYPEPSC": "07", "STYPEPSC": "01" }, "geometry": { "type": "MultiPoint", "coordinates": [ [ 3.021942866366615, 45.663268062535337 ] ] } },
{ "type": "Feature", "properties": { "LIBELLE": "Patrimoine végétal", "TYPEPSC": "07", "STYPEPSC": "04" }, "geometry": { "type": "MultiPoint", "coordinates": [ [ 3.088201891439693, 45.643410348679311 ] ] } },
{ "type": "Feature", "properties": { "LIBELLE": "Patrimoine religieux", "TYPEPSC": "07", "STYPEPSC": "01" }, "geometry": { "type": "MultiPoint", "coordinates": [ [ 3.260668175722647, 45.670845568649895 ] ] } },
{ "type": "Feature", "properties": { "LIBELLE": "Patrimoine civil", "TYPEPSC": "07", "STYPEPSC": "01" }, "geometry": { "type": "MultiPoint", "coordinates": [ [ 3.252757791572869, 45.662985485741714 ] ] } },
{ "type": "Feature", "properties": { "LIBELLE": "Patrimoine hydraulique", "TYPEPSC": "07", "STYPEPSC": "01" }, "geometry": { "type": "MultiPoint", "coordinates": [ [ 3.259787860972732, 45.667074176535671 ] ] } },
{ "type": "Feature", "properties": { "LIBELLE": "Patrimoine religieux", "TYPEPSC": "07", "STYPEPSC": "01" }, "geometry": { "type": "MultiPoint", "coordinates": [ [ 3.251433664607995, 45.663126723167473 ] ] } },
{ "type": "Feature", "properties": { "LIBELLE": "Patrimoine artisanal et industriel", "TYPEPSC": "07", "STYPEPSC": "01" }, "geometry": { "type": "MultiPoint", "coordinates": [ [ 3.127318479243063, 45.692523379260159 ] ] } },
{ "type": "Feature", "properties": { "LIBELLE": "Patrimoine artisanal et industriel", "TYPEPSC": "07", "STYPEPSC": "01" }, "geometry": { "type": "MultiPoint", "coordinates": [ [ 3.127523782041522, 45.688716374688511 ] ] } },
{ "type": "Feature", "properties": { "LIBELLE": "Patrimoine artisanal et industriel", "TYPEPSC": "07", "STYPEPSC": "01" }, "geometry": { "type": "MultiPoint", "coordinates": [ [ 3.127298494357337, 45.68890033426927 ] ] } },
{ "type": "Feature", "properties": { "LIBELLE": "Patrimoine hydraulique", "TYPEPSC": "07", "STYPEPSC": "01" }, "geometry": { "type": "MultiPoint", "coordinates": [ [ 3.348625553020693, 45.60301824620651 ] ] } },
{ "type": "Feature", "properties": { "LIBELLE": "Patrimoine religieux", "TYPEPSC": "07", "STYPEPSC": "01" }, "geometry": { "type": "MultiPoint", "coordinates": [ [ 3.222902985922583, 45.668584375499776 ] ] } },
{ "type": "Feature", "properties": { "LIBELLE": "Patrimoine civil", "TYPEPSC": "07", "STYPEPSC": "01" }, "geometry": { "type": "MultiPoint", "coordinates": [ [ 3.223186906065679, 45.666306375464501 ] ] } },
{ "type": "Feature", "properties": { "LIBELLE": "Patrimoine hydraulique", "TYPEPSC": "07", "STYPEPSC": "01" }, "geometry": { "type": "MultiPoint", "coordinates": [ [ 3.237042436683293, 45.664981431116402 ] ] } },
{ "type": "Feature", "properties": { "LIBELLE": "Patrimoine hydraulique", "TYPEPSC": "07", "STYPEPSC": "01" }, "geometry": { "type": "MultiPoint", "coordinates": [ [ 3.236539528148204, 45.664923921808722 ] ] } },
{ "type": "Feature", "properties": { "LIBELLE": "Patrimoine hydraulique", "TYPEPSC": "07", "STYPEPSC": "01" }, "geometry": { "type": "MultiPoint", "coordinates": [ [ 3.237913581087448, 45.665351175464686 ] ] } },
{ "type": "Feature", "properties": { "LIBELLE": "Patrimoine hydraulique", "TYPEPSC": "07", "STYPEPSC": "01" }, "geometry": { "type": "MultiPoint", "coordinates": [ [ 3.230307117812093, 45.663927249841514 ] ] } },
{ "type": "Feature", "properties": { "LIBELLE": "Patrimoine hydraulique", "TYPEPSC": "07", "STYPEPSC": "01" }, "geometry": { "type": "MultiPoint", "coordinates": [ [ 3.328391173265786, 45.622093988433015 ] ] } },
{ "type": "Feature", "properties": { "LIBELLE": "Patrimoine agricole", "TYPEPSC": "07", "STYPEPSC": "01" }, "geometry": { "type": "MultiPoint", "coordinates": [ [ 3.328389263026483, 45.622123767013207 ] ] } },
{ "type": "Feature", "properties": { "LIBELLE": "Patrimoine géologique", "TYPEPSC": "07", "STYPEPSC": "01" }, "geometry": { "type": "MultiPoint", "coordinates": [ [ 3.116153682608459, 45.668452578155033 ] ] } },
{ "type": "Feature", "properties": { "LIBELLE": "Patrimoine agricole", "TYPEPSC": "07", "STYPEPSC": "01" }, "geometry": { "type": "MultiPoint", "coordinates": [ [ 3.223307121595085, 45.665469946399142 ] ] } },
{ "type": "Feature", "properties": { "LIBELLE": "Patrimoine agricole", "TYPEPSC": "07", "STYPEPSC": "01" }, "geometry": { "type": "MultiPoint", "coordinates": [ [ 3.237294206864926, 45.6665495721413 ] ] } },
{ "type": "Feature", "properties": { "LIBELLE": "Patrimoine religieux", "TYPEPSC": "07", "STYPEPSC": "01" }, "geometry": { "type": "MultiPoint", "coordinates": [ [ 3.222939729756625, 45.668076778643915 ] ] } },
{ "type": "Feature", "properties": { "LIBELLE": "Patrimoine hydraulique", "TYPEPSC": "07", "STYPEPSC": "01" }, "geometry": { "type": "MultiPoint", "coordinates": [ [ 3.22142, 45.667744000390869 ] ] } },
{ "type": "Feature", "properties": { "LIBELLE": "Patrimoine hydraulique", "TYPEPSC": "07", "STYPEPSC": "01" }, "geometry": { "type": "MultiPoint", "coordinates": [ [ 3.222309928954648, 45.668617938729007 ] ] } },
{ "type": "Feature", "properties": { "LIBELLE": "Patrimoine civil", "TYPEPSC": "07", "STYPEPSC": "01" }, "geometry": { "type": "MultiPoint", "coordinates": [ [ 3.223285353809482, 45.667128031933174 ] ] } },
{ "type": "Feature", "properties": { "LIBELLE": "Patrimoine géologique", "TYPEPSC": "07", "STYPEPSC": "01" }, "geometry": { "type": "MultiPoint", "coordinates": [ [ 3.222088049090154, 45.668700601103303 ] ] } }
]
}
